street_address,sample_id,parameter,ppbv_result,ppbv_rl,ug_m3_result,ug_m3_rl,date_time,by,lab
SV 922 Myrtle Avenue,SV1,"1,1,1,2-Tetrachloroethane",ND,0.14599999999999999,ND,1,2015-03-21T04:00:00Z,KCA,phoenix
SV 922 Myrtle Avenue,SV1,"1,1,1-Trichloroethane",ND,0.183,ND,1,2015-03-21T04:00:00Z,KCA,phoenix
SV 922 Myrtle Avenue,SV1,"1,1,2,2-Tetrachloroethane",ND,0.14599999999999999,ND,1,2015-03-21T04:00:00Z,KCA,phoenix
SV 922 Myrtle Avenue,SV1,"1,1,2-Trichloroethane",ND,0.183,ND,1,2015-03-21T04:00:00Z,KCA,phoenix
SV 922 Myrtle Avenue,SV1,"1,1-Dichloroethane",ND,0.247,ND,1,2015-03-21T04:00:00Z,KCA,phoenix
SV 922 Myrtle Avenue,SV1,"1,1-Dichloroethene",ND,0.252,ND,1,2015-03-21T04:00:00Z,KCA,phoenix
SV 922 Myrtle Avenue,SV1,"1,2,4-Trichlorobenzene",ND,0.13500000000000001,ND,1,2015-03-21T04:00:00Z,KCA,phoenix
SV 922 Myrtle Avenue,SV1,"1,2,4-Trimethylbenzene",3.81,0.20399999999999999,18.7,1,2015-03-21T04:00:00Z,KCA,phoenix
SV 922 Myrtle Avenue,SV1,"1,2-Dibromoethane(EDB)",ND,0.13,ND,1,2015-03-21T04:00:00Z,KCA,phoenix
SV 922 Myrtle Avenue,SV1,"1,2-Dichlorobenzene",ND,0.16600000000000001,ND,1,2015-03-21T04:00:00Z,KCA,phoenix
SV 922 Myrtle Avenue,SV1,"1,2-Dichloroethane",ND,0.247,ND,1,2015-03-21T04:00:00Z,KCA,phoenix
SV 922 Myrtle Avenue,SV1,"1,2-dichloropropane",ND,0.217,ND,1,2015-03-21T04:00:00Z,KCA,phoenix
SV 922 Myrtle Avenue,SV1,"1,2-Dichlorotetrafluoroethane",ND,0.14299999999999999,ND,1,2015-03-21T04:00:00Z,KCA,phoenix
SV 922 Myrtle Avenue,SV1,"1,3,5-Trimethylbenzene",0.88100000000000001,0.20399999999999999,4.33,1,2015-03-21T04:00:00Z,KCA,phoenix
SV 922 Myrtle Avenue,SV1,"1,3-Butadiene",ND,0.45200000000000001,ND,1,2015-03-21T04:00:00Z,KCA,phoenix
SV 922 Myrtle Avenue,SV1,"1,3-Dichlorobenzene",ND,0.16600000000000001,ND,1,2015-03-21T04:00:00Z,KCA,phoenix
SV 922 Myrtle Avenue,SV1,"1,4-Dichlorobenzene",ND,0.16600000000000001,ND,1,2015-03-21T04:00:00Z,KCA,phoenix
SV 922 Myrtle Avenue,SV1,"1,4-Dioxane",ND,0.27800000000000002,ND,1,2015-03-21T04:00:00Z,KCA,phoenix
SV 922 Myrtle Avenue,SV1,2-Hexanone(MBK),ND,0.24399999999999999,ND,1,2015-03-21T04:00:00Z,KCA,phoenix
SV 922 Myrtle Avenue,SV1,4-Ethyltoluene,0.59899999999999998,0.20399999999999999,2.94,1,2015-03-21T04:00:00Z,KCA,phoenix
SV 922 Myrtle Avenue,SV1,4-Isopropyltoluene,0.26700000000000002,0.182,1.46,1,2015-03-21T04:00:00Z,KCA,phoenix
SV 922 Myrtle Avenue,SV1,4-Methyl-2-pentanone(MIBK),ND,0.24399999999999999,ND,1,2015-03-21T04:00:00Z,KCA,phoenix
SV 922 Myrtle Avenue,SV1,Acetone,131,S   6.32,311,15,2015-03-23T04:00:00Z,KCA,phoenix
SV 922 Myrtle Avenue,SV1,Acrylonitrile,ND,0.46100000000000002,ND,1,2015-03-21T04:00:00Z,KCA,phoenix
SV 922 Myrtle Avenue,SV1,Benzene,0.433,0.313,1.38,1,2015-03-21T04:00:00Z,KCA,phoenix
SV 922 Myrtle Avenue,SV1,Benzyl chloride,ND,0.193,ND,1,2015-03-21T04:00:00Z,KCA,phoenix
SV 922 Myrtle Avenue,SV1,Bromodichloromethane,ND,0.14899999999999999,ND,1,2015-03-21T04:00:00Z,KCA,phoenix
SV 922 Myrtle Avenue,SV1,Bromoform,ND,9.7000000000000003E-2,ND,1,2015-03-21T04:00:00Z,KCA,phoenix
SV 922 Myrtle Avenue,SV1,Bromomethane,ND,0.25800000000000001,ND,1,2015-03-21T04:00:00Z,KCA,phoenix
SV 922 Myrtle Avenue,SV1,Carbon Disulfide,0.71,0.32100000000000001,2.21,1,2015-03-21T04:00:00Z,KCA,phoenix
SV 922 Myrtle Avenue,SV1,Carbon Tetrachloride,5.7000000000000002E-2,0.04,0.36,0.25,2015-03-21T04:00:00Z,KCA,phoenix
SV 922 Myrtle Avenue,SV1,Chlorobenzene,ND,0.217,ND,1,2015-03-21T04:00:00Z,KCA,phoenix
SV 922 Myrtle Avenue,SV1,Chloroethane,ND,0.379,ND,1,2015-03-21T04:00:00Z,KCA,phoenix
SV 922 Myrtle Avenue,SV1,Chloroform,6.35,0.20499999999999999,31,1,2015-03-21T04:00:00Z,KCA,phoenix
SV 922 Myrtle Avenue,SV1,Chloromethane,ND,0.48499999999999999,ND,1,2015-03-21T04:00:00Z,KCA,phoenix
SV 922 Myrtle Avenue,SV1,"Cis-1,2-Dichloroethene",ND,0.252,ND,1,2015-03-21T04:00:00Z,KCA,phoenix
SV 922 Myrtle Avenue,SV1,"cis-1,3-Dichloropropene",ND,0.221,ND,1,2015-03-21T04:00:00Z,KCA,phoenix
SV 922 Myrtle Avenue,SV1,Cyclohexane,ND,0.29099999999999998,ND,1,2015-03-21T04:00:00Z,KCA,phoenix
SV 922 Myrtle Avenue,SV1,Dibromochloromethane,ND,0.11799999999999999,ND,1,2015-03-21T04:00:00Z,KCA,phoenix
SV 922 Myrtle Avenue,SV1,Dichlorodifluoromethane,0.49299999999999999,0.20200000000000001,2.44,1,2015-03-21T04:00:00Z,KCA,phoenix
SV 922 Myrtle Avenue,SV1,Ethanol,13.7,S  0.531,25.8,1,2015-03-21T04:00:00Z,KCA,phoenix
SV 922 Myrtle Avenue,SV1,Ethyl acetate,0.64300000000000002,0.27800000000000002,2.3199999999999998,1,2015-03-21T04:00:00Z,KCA,phoenix
SV 922 Myrtle Avenue,SV1,Ethylbenzene,0.58599999999999997,0.23,2.54,1,2015-03-21T04:00:00Z,KCA,phoenix
SV 922 Myrtle Avenue,SV1,Heptane,1.22,0.24399999999999999,5,1,2015-03-21T04:00:00Z,KCA,phoenix
SV 922 Myrtle Avenue,SV1,Hexachlorobutadiene,ND,9.4E-2,ND,1,2015-03-21T04:00:00Z,KCA,phoenix
SV 922 Myrtle Avenue,SV1,Hexane,ND,0.28399999999999997,ND,1,2015-03-21T04:00:00Z,KCA,phoenix
SV 922 Myrtle Avenue,SV1,Isopropylalcohol,1.18,S  0.407,2.9,1,2015-03-21T04:00:00Z,KCA,phoenix
SV 922 Myrtle Avenue,SV1,Isopropylbenzene,ND,0.20399999999999999,ND,1,2015-03-21T04:00:00Z,KCA,phoenix
SV 922 Myrtle Avenue,SV1,"m,p-Xylene",2.11,0.23,9.16,1,2015-03-21T04:00:00Z,KCA,phoenix
SV 922 Myrtle Avenue,SV1,Methyl Ethyl Ketone,9.48,0.33900000000000002,27.9,1,2015-03-21T04:00:00Z,KCA,phoenix
SV 922 Myrtle Avenue,SV1,Methyl tert-butyl ether(MTBE),ND,0.27800000000000002,ND,1,2015-03-21T04:00:00Z,KCA,phoenix
SV 922 Myrtle Avenue,SV1,Methylene Chloride,ND,0.28799999999999998,ND,1,2015-03-21T04:00:00Z,KCA,phoenix
SV 922 Myrtle Avenue,SV1,n-Butylbenzene,0.94899999999999995,0.182,5.21,1,2015-03-21T04:00:00Z,KCA,phoenix
SV 922 Myrtle Avenue,SV1,o-Xylene,1.08,0.23,4.6900000000000004,1,2015-03-21T04:00:00Z,KCA,phoenix
SV 922 Myrtle Avenue,SV1,Propylene,7.57,0.58099999999999996,13,1,2015-03-21T04:00:00Z,KCA,phoenix
SV 922 Myrtle Avenue,SV1,sec-Butylbenzene,0.26200000000000001,0.182,1.44,1,2015-03-21T04:00:00Z,KCA,phoenix
SV 922 Myrtle Avenue,SV1,Styrene,ND,0.23499999999999999,ND,1,2015-03-21T04:00:00Z,KCA,phoenix
SV 922 Myrtle Avenue,SV1,Tetrachloroethene,2.99,3.6999999999999998E-2,20.3,0.25,2015-03-21T04:00:00Z,KCA,phoenix
SV 922 Myrtle Avenue,SV1,Tetrahydrofuran,ND,0.33900000000000002,ND,1,2015-03-21T04:00:00Z,KCA,phoenix
SV 922 Myrtle Avenue,SV1,Toluene,1.73,0.26600000000000001,6.52,1,2015-03-21T04:00:00Z,KCA,phoenix
SV 922 Myrtle Avenue,SV1,"Trans-1,2-Dichloroethene",ND,0.252,ND,1,2015-03-21T04:00:00Z,KCA,phoenix
SV 922 Myrtle Avenue,SV1,"trans-1,3-Dichloropropene",ND,0.221,ND,1,2015-03-21T04:00:00Z,KCA,phoenix
SV 922 Myrtle Avenue,SV1,Trichloroethene,ND,4.7E-2,ND,0.25,2015-03-21T04:00:00Z,KCA,phoenix
SV 922 Myrtle Avenue,SV1,Trichlorofluoromethane,0.66500000000000004,0.17799999999999999,3.73,1,2015-03-21T04:00:00Z,KCA,phoenix
SV 922 Myrtle Avenue,SV1,Trichlorotrifluoroethane,ND,0.13100000000000001,ND,1,2015-03-21T04:00:00Z,KCA,phoenix
SV 922 Myrtle Avenue,SV1,Vinyl Chloride,ND,9.8000000000000004E-2,ND,0.25,2015-03-21T04:00:00Z,KCA,phoenix
SV 922 Myrtle Avenue,SV1,% Bromofluorobenzene,108,%,108,%,2015-03-21T04:00:00Z,KCA,phoenix
SV 922 Myrtle Avenue,SV7,NA,"Environmental Laboratories, Inc.
587 East Middle Turnpike, P.O.Box 370, Manchester, CT 06045
Tel. (860) 645-1102            Fax (860) 645-0823
FOR:       Attn: Mr. Charles B. Sosik, P.G. Environmental Business Consultants 1808 Middle Country Rd
Ridge NY 11961-2406",NA,NA,NA,NA,NA,phoenix
SV 922 Myrtle Avenue,SV7,"1,1,1,2-Tetrachloroethane",ND,0.14599999999999999,ND,1,2015-03-23T04:00:00Z,KCA,phoenix
SV 922 Myrtle Avenue,SV7,"1,1,1-Trichloroethane",ND,0.183,ND,1,2015-03-23T04:00:00Z,KCA,phoenix
SV 922 Myrtle Avenue,SV7,"1,1,2,2-Tetrachloroethane",ND,0.14599999999999999,ND,1,2015-03-23T04:00:00Z,KCA,phoenix
SV 922 Myrtle Avenue,SV7,"1,1,2-Trichloroethane",ND,0.183,ND,1,2015-03-23T04:00:00Z,KCA,phoenix
SV 922 Myrtle Avenue,SV7,"1,1-Dichloroethane",ND,0.247,ND,1,2015-03-23T04:00:00Z,KCA,phoenix
SV 922 Myrtle Avenue,SV7,"1,1-Dichloroethene",ND,0.252,ND,1,2015-03-23T04:00:00Z,KCA,phoenix
SV 922 Myrtle Avenue,SV7,"1,2,4-Trichlorobenzene",ND,0.13500000000000001,ND,1,2015-03-23T04:00:00Z,KCA,phoenix
SV 922 Myrtle Avenue,SV7,"1,2,4-Trimethylbenzene",ND,0.20399999999999999,ND,1,2015-03-23T04:00:00Z,KCA,phoenix
SV 922 Myrtle Avenue,SV7,"1,2-Dibromoethane(EDB)",ND,0.13,ND,1,2015-03-23T04:00:00Z,KCA,phoenix
SV 922 Myrtle Avenue,SV7,"1,2-Dichlorobenzene",ND,0.16600000000000001,ND,1,2015-03-23T04:00:00Z,KCA,phoenix
SV 922 Myrtle Avenue,SV7,"1,2-Dichloroethane",ND,0.247,ND,1,2015-03-23T04:00:00Z,KCA,phoenix
SV 922 Myrtle Avenue,SV7,"1,2-dichloropropane",ND,0.217,ND,1,2015-03-23T04:00:00Z,KCA,phoenix
SV 922 Myrtle Avenue,SV7,"1,2-Dichlorotetrafluoroethane",ND,0.14299999999999999,ND,1,2015-03-23T04:00:00Z,KCA,phoenix
SV 922 Myrtle Avenue,SV7,"1,3,5-Trimethylbenzene",ND,0.20399999999999999,ND,1,2015-03-23T04:00:00Z,KCA,phoenix
SV 922 Myrtle Avenue,SV7,"1,3-Butadiene",ND,0.45200000000000001,ND,1,2015-03-23T04:00:00Z,KCA,phoenix
SV 922 Myrtle Avenue,SV7,"1,3-Dichlorobenzene",ND,0.16600000000000001,ND,1,2015-03-23T04:00:00Z,KCA,phoenix
SV 922 Myrtle Avenue,SV7,"1,4-Dichlorobenzene",ND,0.16600000000000001,ND,1,2015-03-23T04:00:00Z,KCA,phoenix
SV 922 Myrtle Avenue,SV7,"1,4-Dioxane",ND,0.27800000000000002,ND,1,2015-03-23T04:00:00Z,KCA,phoenix
SV 922 Myrtle Avenue,SV7,2-Hexanone(MBK),ND,0.24399999999999999,ND,1,2015-03-23T04:00:00Z,KCA,phoenix
SV 922 Myrtle Avenue,SV7,4-Ethyltoluene,ND,0.20399999999999999,ND,1,2015-03-23T04:00:00Z,KCA,phoenix
SV 922 Myrtle Avenue,SV7,4-Isopropyltoluene,ND,0.182,ND,1,2015-03-23T04:00:00Z,KCA,phoenix
SV 922 Myrtle Avenue,SV7,4-Methyl-2-pentanone(MIBK),ND,0.24399999999999999,ND,1,2015-03-23T04:00:00Z,KCA,phoenix
SV 922 Myrtle Avenue,SV7,Acetone,5.7,S  0.421,13.5,1,2015-03-23T04:00:00Z,KCA,phoenix
SV 922 Myrtle Avenue,SV7,Acrylonitrile,ND,0.46100000000000002,ND,1,2015-03-23T04:00:00Z,KCA,phoenix
SV 922 Myrtle Avenue,SV7,Benzene,ND,0.313,ND,1,2015-03-23T04:00:00Z,KCA,phoenix
SV 922 Myrtle Avenue,SV7,Benzyl chloride,ND,0.193,ND,1,2015-03-23T04:00:00Z,KCA,phoenix
SV 922 Myrtle Avenue,SV7,Bromodichloromethane,ND,0.14899999999999999,ND,1,2015-03-23T04:00:00Z,KCA,phoenix
SV 922 Myrtle Avenue,SV7,Bromoform,ND,9.7000000000000003E-2,ND,1,2015-03-23T04:00:00Z,KCA,phoenix
SV 922 Myrtle Avenue,SV7,Bromomethane,ND,0.25800000000000001,ND,1,2015-03-23T04:00:00Z,KCA,phoenix
SV 922 Myrtle Avenue,SV7,Carbon Disulfide,ND,0.32100000000000001,ND,1,2015-03-23T04:00:00Z,KCA,phoenix
SV 922 Myrtle Avenue,SV7,Carbon Tetrachloride,ND,0.04,ND,0.25,2015-03-23T04:00:00Z,KCA,phoenix
SV 922 Myrtle Avenue,SV7,Chlorobenzene,ND,0.217,ND,1,2015-03-23T04:00:00Z,KCA,phoenix
SV 922 Myrtle Avenue,SV7,Chloroethane,ND,0.379,ND,1,2015-03-23T04:00:00Z,KCA,phoenix
SV 922 Myrtle Avenue,SV7,Chloroform,ND,0.20499999999999999,ND,1,2015-03-23T04:00:00Z,KCA,phoenix
SV 922 Myrtle Avenue,SV7,Chloromethane,ND,0.48499999999999999,ND,1,2015-03-23T04:00:00Z,KCA,phoenix
SV 922 Myrtle Avenue,SV7,"Cis-1,2-Dichloroethene",ND,0.252,ND,1,2015-03-23T04:00:00Z,KCA,phoenix
SV 922 Myrtle Avenue,SV7,"cis-1,3-Dichloropropene",ND,0.221,ND,1,2015-03-23T04:00:00Z,KCA,phoenix
SV 922 Myrtle Avenue,SV7,Cyclohexane,ND,0.29099999999999998,ND,1,2015-03-23T04:00:00Z,KCA,phoenix
SV 922 Myrtle Avenue,SV7,Dibromochloromethane,ND,0.11799999999999999,ND,1,2015-03-23T04:00:00Z,KCA,phoenix
SV 922 Myrtle Avenue,SV7,Dichlorodifluoromethane,ND,0.20200000000000001,ND,1,2015-03-23T04:00:00Z,KCA,phoenix
SV 922 Myrtle Avenue,SV7,Ethanol,9.86,S  0.531,18.600000000000001,1,2015-03-23T04:00:00Z,KCA,phoenix
SV 922 Myrtle Avenue,SV7,Ethyl acetate,ND,0.27800000000000002,ND,1,2015-03-23T04:00:00Z,KCA,phoenix
SV 922 Myrtle Avenue,SV7,Ethylbenzene,ND,0.23,ND,1,2015-03-23T04:00:00Z,KCA,phoenix
SV 922 Myrtle Avenue,SV7,Heptane,0.51400000000000001,0.24399999999999999,2.11,1,2015-03-23T04:00:00Z,KCA,phoenix
SV 922 Myrtle Avenue,SV7,Hexachlorobutadiene,ND,9.4E-2,ND,1,2015-03-23T04:00:00Z,KCA,phoenix
SV 922 Myrtle Avenue,SV7,Hexane,1.18,S  0.284,4.16,1,2015-03-23T04:00:00Z,KCA,phoenix
SV 922 Myrtle Avenue,SV7,Isopropylalcohol,0.67300000000000004,S  0.407,1.65,1,2015-03-23T04:00:00Z,KCA,phoenix
SV 922 Myrtle Avenue,SV7,Isopropylbenzene,ND,0.20399999999999999,ND,1,2015-03-23T04:00:00Z,KCA,phoenix
SV 922 Myrtle Avenue,SV7,"m,p-Xylene",0.68,0.23,2.95,1,2015-03-23T04:00:00Z,KCA,phoenix
SV 922 Myrtle Avenue,SV7,Methyl Ethyl Ketone,ND,0.33900000000000002,ND,1,2015-03-23T04:00:00Z,KCA,phoenix
SV 922 Myrtle Avenue,SV7,Methyl tert-butyl ether(MTBE),ND,0.27800000000000002,ND,1,2015-03-23T04:00:00Z,KCA,phoenix
SV 922 Myrtle Avenue,SV7,Methylene Chloride,0.78500000000000003,S  0.288,2.73,1,2015-03-23T04:00:00Z,KCA,phoenix
SV 922 Myrtle Avenue,SV7,n-Butylbenzene,ND,0.182,ND,1,2015-03-23T04:00:00Z,KCA,phoenix
SV 922 Myrtle Avenue,SV7,o-Xylene,ND,0.23,ND,1,2015-03-23T04:00:00Z,KCA,phoenix
SV 922 Myrtle Avenue,SV7,Propylene,ND,0.58099999999999996,ND,1,2015-03-23T04:00:00Z,KCA,phoenix
SV 922 Myrtle Avenue,SV7,sec-Butylbenzene,ND,0.182,ND,1,2015-03-23T04:00:00Z,KCA,phoenix
SV 922 Myrtle Avenue,SV7,Styrene,ND,0.23499999999999999,ND,1,2015-03-23T04:00:00Z,KCA,phoenix
SV 922 Myrtle Avenue,SV7,Tetrachloroethene,ND,3.6999999999999998E-2,ND,0.25,2015-03-23T04:00:00Z,KCA,phoenix
SV 922 Myrtle Avenue,SV7,Tetrahydrofuran,ND,0.33900000000000002,ND,1,2015-03-23T04:00:00Z,KCA,phoenix
SV 922 Myrtle Avenue,SV7,Toluene,0.97199999999999998,0.26600000000000001,3.66,1,2015-03-23T04:00:00Z,KCA,phoenix
SV 922 Myrtle Avenue,SV7,"Trans-1,2-Dichloroethene",ND,0.252,ND,1,2015-03-23T04:00:00Z,KCA,phoenix
SV 922 Myrtle Avenue,SV7,"trans-1,3-Dichloropropene",ND,0.221,ND,1,2015-03-23T04:00:00Z,KCA,phoenix
SV 922 Myrtle Avenue,SV7,Trichloroethene,ND,4.7E-2,ND,0.25,2015-03-23T04:00:00Z,KCA,phoenix
SV 922 Myrtle Avenue,SV7,Trichlorofluoromethane,ND,0.17799999999999999,ND,1,2015-03-23T04:00:00Z,KCA,phoenix
SV 922 Myrtle Avenue,SV7,Trichlorotrifluoroethane,ND,0.13100000000000001,ND,1,2015-03-23T04:00:00Z,KCA,phoenix
SV 922 Myrtle Avenue,SV7,Vinyl Chloride,ND,9.8000000000000004E-2,ND,0.25,2015-03-23T04:00:00Z,KCA,phoenix
SV 922 Myrtle Avenue,SV7,% Bromofluorobenzene,105,%,105,%,2015-03-23T04:00:00Z,KCA,phoenix
SV 922 Myrtle Avenue,SV8,"1,1,1,2-Tetrachloroethane",ND,0.14599999999999999,ND,1,2015-03-11T04:00:00Z,KCA,phoenix
SV 922 Myrtle Avenue,SV8,"1,1,1-Trichloroethane",ND,0.183,ND,1,2015-03-11T04:00:00Z,KCA,phoenix
SV 922 Myrtle Avenue,SV8,"1,1,2,2-Tetrachloroethane",ND,0.14599999999999999,ND,1,2015-03-11T04:00:00Z,KCA,phoenix
SV 922 Myrtle Avenue,SV8,"1,1,2-Trichloroethane",ND,0.183,ND,1,2015-03-11T04:00:00Z,KCA,phoenix
SV 922 Myrtle Avenue,SV8,"1,1-Dichloroethane",ND,0.247,ND,1,2015-03-11T04:00:00Z,KCA,phoenix
SV 922 Myrtle Avenue,SV8,"1,1-Dichloroethene",ND,0.252,ND,1,2015-03-11T04:00:00Z,KCA,phoenix
SV 922 Myrtle Avenue,SV8,"1,2,4-Trichlorobenzene",ND,0.13500000000000001,ND,1,2015-03-11T04:00:00Z,KCA,phoenix
SV 922 Myrtle Avenue,SV8,"1,2,4-Trimethylbenzene",0.92200000000000004,0.20399999999999999,4.53,1,2015-03-11T04:00:00Z,KCA,phoenix
SV 922 Myrtle Avenue,SV8,"1,2-Dibromoethane(EDB)",ND,0.13,ND,1,2015-03-11T04:00:00Z,KCA,phoenix
SV 922 Myrtle Avenue,SV8,"1,2-Dichlorobenzene",ND,0.16600000000000001,ND,1,2015-03-11T04:00:00Z,KCA,phoenix
SV 922 Myrtle Avenue,SV8,"1,2-Dichloroethane",ND,0.247,ND,1,2015-03-11T04:00:00Z,KCA,phoenix
SV 922 Myrtle Avenue,SV8,"1,2-dichloropropane",ND,0.217,ND,1,2015-03-11T04:00:00Z,KCA,phoenix
SV 922 Myrtle Avenue,SV8,"1,2-Dichlorotetrafluoroethane",ND,0.14299999999999999,ND,1,2015-03-11T04:00:00Z,KCA,phoenix
SV 922 Myrtle Avenue,SV8,"1,3,5-Trimethylbenzene",ND,0.20399999999999999,ND,1,2015-03-11T04:00:00Z,KCA,phoenix
SV 922 Myrtle Avenue,SV8,"1,3-Butadiene",ND,0.45200000000000001,ND,1,2015-03-11T04:00:00Z,KCA,phoenix
SV 922 Myrtle Avenue,SV8,"1,3-Dichlorobenzene",0.27400000000000002,0.16600000000000001,1.65,1,2015-03-11T04:00:00Z,KCA,phoenix
SV 922 Myrtle Avenue,SV8,"1,4-Dichlorobenzene",ND,0.16600000000000001,ND,1,2015-03-11T04:00:00Z,KCA,phoenix
SV 922 Myrtle Avenue,SV8,"1,4-Dioxane",ND,0.27800000000000002,ND,1,2015-03-11T04:00:00Z,KCA,phoenix
SV 922 Myrtle Avenue,SV8,2-Hexanone(MBK),ND,0.24399999999999999,ND,1,2015-03-11T04:00:00Z,KCA,phoenix
SV 922 Myrtle Avenue,SV8,4-Ethyltoluene,ND,0.20399999999999999,ND,1,2015-03-11T04:00:00Z,KCA,phoenix
SV 922 Myrtle Avenue,SV8,4-Isopropyltoluene,ND,0.182,ND,1,2015-03-11T04:00:00Z,KCA,phoenix
SV 922 Myrtle Avenue,SV8,4-Methyl-2-pentanone(MIBK),0.47199999999999998,0.24399999999999999,1.93,1,2015-03-11T04:00:00Z,KCA,phoenix
SV 922 Myrtle Avenue,SV8,Acetone,124,2.11,294,5.01,2015-03-11T04:00:00Z,KCA,phoenix
SV 922 Myrtle Avenue,SV8,Acrylonitrile,ND,0.46100000000000002,ND,1,2015-03-11T04:00:00Z,KCA,phoenix
SV 922 Myrtle Avenue,SV8,Benzene,0.53800000000000003,0.313,1.72,1,2015-03-11T04:00:00Z,KCA,phoenix
SV 922 Myrtle Avenue,SV8,Benzyl chloride,ND,0.193,ND,1,2015-03-11T04:00:00Z,KCA,phoenix
SV 922 Myrtle Avenue,SV8,NA,ppbv,ppbv,ug/m3,ug/m3,NA,NA,phoenix
SV 922 Myrtle Avenue,SV8,Parameter,Result,RL,Result,RL,NA,By,phoenix
SV 922 Myrtle Avenue,SV8,Bromodichloromethane,ND,0.14899999999999999,ND,1,2015-03-11T04:00:00Z,KCA,phoenix
SV 922 Myrtle Avenue,SV8,Bromoform,ND,9.7000000000000003E-2,ND,1,2015-03-11T04:00:00Z,KCA,phoenix
SV 922 Myrtle Avenue,SV8,Bromomethane,ND,0.25800000000000001,ND,1,2015-03-11T04:00:00Z,KCA,phoenix
SV 922 Myrtle Avenue,SV8,Carbon Disulfide,1.85,0.32100000000000001,5.76,1,2015-03-11T04:00:00Z,KCA,phoenix
SV 922 Myrtle Avenue,SV8,Carbon Tetrachloride,7.1999999999999995E-2,0.04,0.45,0.25,2015-03-11T04:00:00Z,KCA,phoenix
SV 922 Myrtle Avenue,SV8,Chlorobenzene,ND,0.217,ND,1,2015-03-11T04:00:00Z,KCA,phoenix
SV 922 Myrtle Avenue,SV8,Chloroethane,ND,0.379,ND,1,2015-03-11T04:00:00Z,KCA,phoenix
SV 922 Myrtle Avenue,SV8,Chloroform,48.8,1.02,238,4.9800000000000004,2015-03-11T04:00:00Z,KCA,phoenix
SV 922 Myrtle Avenue,SV8,Chloromethane,ND,0.48499999999999999,ND,1,2015-03-11T04:00:00Z,KCA,phoenix
SV 922 Myrtle Avenue,SV8,"Cis-1,2-Dichloroethene",6.63,0.252,26.3,1,2015-03-11T04:00:00Z,KCA,phoenix
SV 922 Myrtle Avenue,SV8,"cis-1,3-Dichloropropene",ND,0.221,ND,1,2015-03-11T04:00:00Z,KCA,phoenix
SV 922 Myrtle Avenue,SV8,Cyclohexane,ND,0.29099999999999998,ND,1,2015-03-11T04:00:00Z,KCA,phoenix
SV 922 Myrtle Avenue,SV8,Dibromochloromethane,ND,0.11799999999999999,ND,1,2015-03-11T04:00:00Z,KCA,phoenix
SV 922 Myrtle Avenue,SV8,Dichlorodifluoromethane,0.436,0.20200000000000001,2.15,1,2015-03-11T04:00:00Z,KCA,phoenix
SV 922 Myrtle Avenue,SV8,Ethanol,49.1,2.66,92.5,5.01,2015-03-11T04:00:00Z,KCA,phoenix
SV 922 Myrtle Avenue,SV8,Ethyl acetate,ND,0.27800000000000002,ND,1,2015-03-11T04:00:00Z,KCA,phoenix
SV 922 Myrtle Avenue,SV8,Ethylbenzene,0.504,0.23,2.19,1,2015-03-11T04:00:00Z,KCA,phoenix
SV 922 Myrtle Avenue,SV8,Heptane,5.45,0.24399999999999999,22.3,1,2015-03-11T04:00:00Z,KCA,phoenix
SV 922 Myrtle Avenue,SV8,Hexachlorobutadiene,ND,9.4E-2,ND,1,2015-03-11T04:00:00Z,KCA,phoenix
SV 922 Myrtle Avenue,SV8,Hexane,11.9,0.28399999999999997,41.9,1,2015-03-11T04:00:00Z,KCA,phoenix
SV 922 Myrtle Avenue,SV8,Isopropylalcohol,9.17,0.40699999999999997,22.5,1,2015-03-11T04:00:00Z,KCA,phoenix
SV 922 Myrtle Avenue,SV8,Isopropylbenzene,ND,0.20399999999999999,ND,1,2015-03-11T04:00:00Z,KCA,phoenix
SV 922 Myrtle Avenue,SV8,"m,p-Xylene",1.83,0.23,7.94,1,2015-03-11T04:00:00Z,KCA,phoenix
SV 922 Myrtle Avenue,SV8,Methyl Ethyl Ketone,8.6199999999999992,0.33900000000000002,25.4,1,2015-03-11T04:00:00Z,KCA,phoenix
SV 922 Myrtle Avenue,SV8,Methyl tert-butyl ether(MTBE),ND,0.27800000000000002,ND,1,2015-03-11T04:00:00Z,KCA,phoenix
SV 922 Myrtle Avenue,SV8,Methylene Chloride,0.56000000000000005,0.28799999999999998,1.94,1,2015-03-11T04:00:00Z,KCA,phoenix
SV 922 Myrtle Avenue,SV8,n-Butylbenzene,ND,0.182,ND,1,2015-03-11T04:00:00Z,KCA,phoenix
SV 922 Myrtle Avenue,SV8,o-Xylene,0.73499999999999999,0.23,3.19,1,2015-03-11T04:00:00Z,KCA,phoenix
SV 922 Myrtle Avenue,SV8,Propylene,11.6,0.58099999999999996,20,1,2015-03-11T04:00:00Z,KCA,phoenix
SV 922 Myrtle Avenue,SV8,sec-Butylbenzene,ND,0.182,ND,1,2015-03-11T04:00:00Z,KCA,phoenix
SV 922 Myrtle Avenue,SV8,Styrene,ND,0.23499999999999999,ND,1,2015-03-11T04:00:00Z,KCA,phoenix
SV 922 Myrtle Avenue,SV8,Tetrachloroethene,175,0.184,1190,1.25,2015-03-11T04:00:00Z,KCA,phoenix
SV 922 Myrtle Avenue,SV8,Tetrahydrofuran,ND,0.33900000000000002,ND,1,2015-03-11T04:00:00Z,KCA,phoenix
SV 922 Myrtle Avenue,SV8,Toluene,1.48,0.26600000000000001,5.57,1,2015-03-11T04:00:00Z,KCA,phoenix
SV 922 Myrtle Avenue,SV8,"Trans-1,2-Dichloroethene",0.35599999999999998,0.252,1.41,1,2015-03-11T04:00:00Z,KCA,phoenix
SV 922 Myrtle Avenue,SV8,"trans-1,3-Dichloropropene",ND,0.221,ND,1,2015-03-11T04:00:00Z,KCA,phoenix
SV 922 Myrtle Avenue,SV8,Trichloroethene,12,4.7E-2,64.400000000000006,0.25,2015-03-11T04:00:00Z,KCA,phoenix
SV 922 Myrtle Avenue,SV8,Trichlorofluoromethane,0.223,0.17799999999999999,1.25,1,2015-03-11T04:00:00Z,KCA,phoenix
SV 922 Myrtle Avenue,SV8,Trichlorotrifluoroethane,ND,0.13100000000000001,ND,1,2015-03-11T04:00:00Z,KCA,phoenix
SV 922 Myrtle Avenue,SV8,Vinyl Chloride,ND,9.8000000000000004E-2,ND,0.25,2015-03-11T04:00:00Z,KCA,phoenix
SV 922 Myrtle Avenue,SV8,% Bromofluorobenzene,100,%,100,%,2015-03-11T04:00:00Z,KCA,phoenix
SV 922 Myrtle Avenue,SV8,NA,"Environmental Laboratories, Inc.
587 East Middle Turnpike, P.O.Box 370, Manchester, CT 06045
Tel. (860) 645-1102            Fax (860) 645-0823
FOR:       Attn: Mr. Charles B. Sosik, P.G. Environmental Business Consultants 1808 Middle Country Rd
Ridge NY 11961-2406",NA,NA,NA,NA,NA,phoenix
SV 922 Myrtle Avenue,SV6,"1,1,1,2-Tetrachloroethane",ND,0.14599999999999999,ND,1,2015-03-11T04:00:00Z,KCA,phoenix
SV 922 Myrtle Avenue,SV6,"1,1,1-Trichloroethane",ND,0.183,ND,1,2015-03-11T04:00:00Z,KCA,phoenix
SV 922 Myrtle Avenue,SV6,"1,1,2,2-Tetrachloroethane",ND,0.14599999999999999,ND,1,2015-03-11T04:00:00Z,KCA,phoenix
SV 922 Myrtle Avenue,SV6,"1,1,2-Trichloroethane",ND,0.183,ND,1,2015-03-11T04:00:00Z,KCA,phoenix
SV 922 Myrtle Avenue,SV6,"1,1-Dichloroethane",ND,0.247,ND,1,2015-03-11T04:00:00Z,KCA,phoenix
SV 922 Myrtle Avenue,SV6,"1,1-Dichloroethene",ND,0.252,ND,1,2015-03-11T04:00:00Z,KCA,phoenix
SV 922 Myrtle Avenue,SV6,"1,2,4-Trichlorobenzene",ND,0.13500000000000001,ND,1,2015-03-11T04:00:00Z,KCA,phoenix
SV 922 Myrtle Avenue,SV6,"1,2,4-Trimethylbenzene",3.61,0.20399999999999999,17.7,1,2015-03-11T04:00:00Z,KCA,phoenix
SV 922 Myrtle Avenue,SV6,"1,2-Dibromoethane(EDB)",ND,0.13,ND,1,2015-03-11T04:00:00Z,KCA,phoenix
SV 922 Myrtle Avenue,SV6,"1,2-Dichlorobenzene",ND,0.16600000000000001,ND,1,2015-03-11T04:00:00Z,KCA,phoenix
SV 922 Myrtle Avenue,SV6,"1,2-Dichloroethane",ND,0.247,ND,1,2015-03-11T04:00:00Z,KCA,phoenix
SV 922 Myrtle Avenue,SV6,"1,2-dichloropropane",ND,0.217,ND,1,2015-03-11T04:00:00Z,KCA,phoenix
SV 922 Myrtle Avenue,SV6,"1,2-Dichlorotetrafluoroethane",ND,0.14299999999999999,ND,1,2015-03-11T04:00:00Z,KCA,phoenix
SV 922 Myrtle Avenue,SV6,"1,3,5-Trimethylbenzene",1.22,0.20399999999999999,5.99,1,2015-03-11T04:00:00Z,KCA,phoenix
SV 922 Myrtle Avenue,SV6,"1,3-Butadiene",ND,0.45200000000000001,ND,1,2015-03-11T04:00:00Z,KCA,phoenix
SV 922 Myrtle Avenue,SV6,"1,3-Dichlorobenzene",0.54600000000000004,0.16600000000000001,3.28,1,2015-03-11T04:00:00Z,KCA,phoenix
SV 922 Myrtle Avenue,SV6,"1,4-Dichlorobenzene",ND,0.16600000000000001,ND,1,2015-03-11T04:00:00Z,KCA,phoenix
SV 922 Myrtle Avenue,SV6,"1,4-Dioxane",ND,0.27800000000000002,ND,1,2015-03-11T04:00:00Z,KCA,phoenix
SV 922 Myrtle Avenue,SV6,2-Hexanone(MBK),ND,0.24399999999999999,ND,1,2015-03-11T04:00:00Z,KCA,phoenix
SV 922 Myrtle Avenue,SV6,4-Ethyltoluene,0.64700000000000002,0.20399999999999999,3.18,1,2015-03-11T04:00:00Z,KCA,phoenix
SV 922 Myrtle Avenue,SV6,4-Isopropyltoluene,ND,0.182,ND,1,2015-03-11T04:00:00Z,KCA,phoenix
SV 922 Myrtle Avenue,SV6,4-Methyl-2-pentanone(MIBK),0.252,0.24399999999999999,1.03,1,2015-03-11T04:00:00Z,KCA,phoenix
SV 922 Myrtle Avenue,SV6,Acetone,153,4.21,363,10,2015-03-11T04:00:00Z,KCA,phoenix
SV 922 Myrtle Avenue,SV6,Acrylonitrile,ND,0.46100000000000002,ND,1,2015-03-11T04:00:00Z,KCA,phoenix
SV 922 Myrtle Avenue,SV6,Benzene,0.92200000000000004,0.313,2.94,1,2015-03-11T04:00:00Z,KCA,phoenix
SV 922 Myrtle Avenue,SV6,Benzyl chloride,ND,0.193,ND,1,2015-03-11T04:00:00Z,KCA,phoenix
SV 922 Myrtle Avenue,SV6,NA,ppbv,ppbv,ug/m3,ug/m3,NA,NA,phoenix
SV 922 Myrtle Avenue,SV6,Parameter,Result,RL,Result,RL,NA,By,phoenix
SV 922 Myrtle Avenue,SV6,Bromodichloromethane,ND,0.14899999999999999,ND,1,2015-03-11T04:00:00Z,KCA,phoenix
SV 922 Myrtle Avenue,SV6,Bromoform,ND,9.7000000000000003E-2,ND,1,2015-03-11T04:00:00Z,KCA,phoenix
SV 922 Myrtle Avenue,SV6,Bromomethane,ND,0.25800000000000001,ND,1,2015-03-11T04:00:00Z,KCA,phoenix
SV 922 Myrtle Avenue,SV6,Carbon Disulfide,1.07,0.32100000000000001,3.33,1,2015-03-11T04:00:00Z,KCA,phoenix
SV 922 Myrtle Avenue,SV6,Carbon Tetrachloride,4.3999999999999997E-2,0.04,0.28000000000000003,0.25,2015-03-11T04:00:00Z,KCA,phoenix
SV 922 Myrtle Avenue,SV6,Chlorobenzene,ND,0.217,ND,1,2015-03-11T04:00:00Z,KCA,phoenix
SV 922 Myrtle Avenue,SV6,Chloroethane,ND,0.379,ND,1,2015-03-11T04:00:00Z,KCA,phoenix
SV 922 Myrtle Avenue,SV6,Chloroform,0.36299999999999999,0.20499999999999999,1.77,1,2015-03-11T04:00:00Z,KCA,phoenix
SV 922 Myrtle Avenue,SV6,Chloromethane,ND,0.48499999999999999,ND,1,2015-03-11T04:00:00Z,KCA,phoenix
SV 922 Myrtle Avenue,SV6,"Cis-1,2-Dichloroethene",ND,0.252,ND,1,2015-03-11T04:00:00Z,KCA,phoenix
SV 922 Myrtle Avenue,SV6,"cis-1,3-Dichloropropene",ND,0.221,ND,1,2015-03-11T04:00:00Z,KCA,phoenix
SV 922 Myrtle Avenue,SV6,Cyclohexane,ND,0.29099999999999998,ND,1,2015-03-11T04:00:00Z,KCA,phoenix
SV 922 Myrtle Avenue,SV6,Dibromochloromethane,ND,0.11799999999999999,ND,1,2015-03-11T04:00:00Z,KCA,phoenix
SV 922 Myrtle Avenue,SV6,Dichlorodifluoromethane,0.39300000000000002,0.20200000000000001,1.94,1,2015-03-11T04:00:00Z,KCA,phoenix
SV 922 Myrtle Avenue,SV6,Ethanol,41.1,5.31,77.400000000000006,10,2015-03-11T04:00:00Z,KCA,phoenix
SV 922 Myrtle Avenue,SV6,Ethyl acetate,ND,0.27800000000000002,ND,1,2015-03-11T04:00:00Z,KCA,phoenix
SV 922 Myrtle Avenue,SV6,Ethylbenzene,1.51,0.23,6.55,1,2015-03-11T04:00:00Z,KCA,phoenix
SV 922 Myrtle Avenue,SV6,Heptane,1.06,0.24399999999999999,4.34,1,2015-03-11T04:00:00Z,KCA,phoenix
SV 922 Myrtle Avenue,SV6,Hexachlorobutadiene,ND,9.4E-2,ND,1,2015-03-11T04:00:00Z,KCA,phoenix
SV 922 Myrtle Avenue,SV6,Hexane,1.1399999999999999,0.28399999999999997,4.0199999999999996,1,2015-03-11T04:00:00Z,KCA,phoenix
SV 922 Myrtle Avenue,SV6,Isopropylalcohol,9.3800000000000008,0.40699999999999997,23,1,2015-03-11T04:00:00Z,KCA,phoenix
SV 922 Myrtle Avenue,SV6,Isopropylbenzene,ND,0.20399999999999999,ND,1,2015-03-11T04:00:00Z,KCA,phoenix
SV 922 Myrtle Avenue,SV6,"m,p-Xylene",6.54,0.23,28.4,1,2015-03-11T04:00:00Z,KCA,phoenix
SV 922 Myrtle Avenue,SV6,Methyl Ethyl Ketone,4.34,0.33900000000000002,12.8,1,2015-03-11T04:00:00Z,KCA,phoenix
SV 922 Myrtle Avenue,SV6,Methyl tert-butyl ether(MTBE),ND,0.27800000000000002,ND,1,2015-03-11T04:00:00Z,KCA,phoenix
SV 922 Myrtle Avenue,SV6,Methylene Chloride,ND,0.28799999999999998,ND,1,2015-03-11T04:00:00Z,KCA,phoenix
SV 922 Myrtle Avenue,SV6,n-Butylbenzene,0.30399999999999999,0.182,1.67,1,2015-03-11T04:00:00Z,KCA,phoenix
SV 922 Myrtle Avenue,SV6,o-Xylene,2.81,0.23,12.2,1,2015-03-11T04:00:00Z,KCA,phoenix
SV 922 Myrtle Avenue,SV6,Propylene,11.9,0.58099999999999996,20.5,1,2015-03-11T04:00:00Z,KCA,phoenix
SV 922 Myrtle Avenue,SV6,sec-Butylbenzene,ND,0.182,ND,1,2015-03-11T04:00:00Z,KCA,phoenix
SV 922 Myrtle Avenue,SV6,Styrene,ND,0.23499999999999999,ND,1,2015-03-11T04:00:00Z,KCA,phoenix
SV 922 Myrtle Avenue,SV6,Tetrachloroethene,0.219,3.6999999999999998E-2,1.48,0.25,2015-03-11T04:00:00Z,KCA,phoenix
SV 922 Myrtle Avenue,SV6,Tetrahydrofuran,ND,0.33900000000000002,ND,1,2015-03-11T04:00:00Z,KCA,phoenix
SV 922 Myrtle Avenue,SV6,Toluene,4.8600000000000003,0.26600000000000001,18.3,1,2015-03-11T04:00:00Z,KCA,phoenix
SV 922 Myrtle Avenue,SV6,"Trans-1,2-Dichloroethene",ND,0.252,ND,1,2015-03-11T04:00:00Z,KCA,phoenix
SV 922 Myrtle Avenue,SV6,"trans-1,3-Dichloropropene",ND,0.221,ND,1,2015-03-11T04:00:00Z,KCA,phoenix
SV 922 Myrtle Avenue,SV6,Trichloroethene,0.16700000000000001,4.7E-2,0.9,0.25,2015-03-11T04:00:00Z,KCA,phoenix
SV 922 Myrtle Avenue,SV6,Trichlorofluoromethane,2.79,0.17799999999999999,15.7,1,2015-03-11T04:00:00Z,KCA,phoenix
SV 922 Myrtle Avenue,SV6,Trichlorotrifluoroethane,ND,0.13100000000000001,ND,1,2015-03-11T04:00:00Z,KCA,phoenix
SV 922 Myrtle Avenue,SV6,Vinyl Chloride,ND,9.8000000000000004E-2,ND,0.25,2015-03-11T04:00:00Z,KCA,phoenix
SV 922 Myrtle Avenue,SV6,% Bromofluorobenzene,96,%,96,%,2015-03-11T04:00:00Z,KCA,phoenix
SV 922 Myrtle Avenue,SV6,NA,"Environmental Laboratories, Inc.
587 East Middle Turnpike, P.O.Box 370, Manchester, CT 06045
Tel. (860) 645-1102            Fax (860) 645-0823
FOR:       Attn: Mr. Charles B. Sosik, P.G. Environmental Business Consultants 1808 Middle Country Rd
Ridge NY 11961-2406",NA,NA,NA,NA,NA,phoenix
SV 922 Myrtle Avenue,SV9,"1,1,1,2-Tetrachloroethane",ND,0.14599999999999999,ND,1,2015-03-11T04:00:00Z,KCA,phoenix
SV 922 Myrtle Avenue,SV9,"1,1,1-Trichloroethane",ND,0.183,ND,1,2015-03-11T04:00:00Z,KCA,phoenix
SV 922 Myrtle Avenue,SV9,"1,1,2,2-Tetrachloroethane",ND,0.14599999999999999,ND,1,2015-03-11T04:00:00Z,KCA,phoenix
SV 922 Myrtle Avenue,SV9,"1,1,2-Trichloroethane",ND,0.183,ND,1,2015-03-11T04:00:00Z,KCA,phoenix
SV 922 Myrtle Avenue,SV9,"1,1-Dichloroethane",ND,0.247,ND,1,2015-03-11T04:00:00Z,KCA,phoenix
SV 922 Myrtle Avenue,SV9,"1,1-Dichloroethene",ND,0.252,ND,1,2015-03-11T04:00:00Z,KCA,phoenix
SV 922 Myrtle Avenue,SV9,"1,2,4-Trichlorobenzene",ND,0.13500000000000001,ND,1,2015-03-11T04:00:00Z,KCA,phoenix
SV 922 Myrtle Avenue,SV9,"1,2,4-Trimethylbenzene",0.83299999999999996,0.20399999999999999,4.09,1,2015-03-11T04:00:00Z,KCA,phoenix
SV 922 Myrtle Avenue,SV9,"1,2-Dibromoethane(EDB)",ND,0.13,ND,1,2015-03-11T04:00:00Z,KCA,phoenix
SV 922 Myrtle Avenue,SV9,"1,2-Dichlorobenzene",ND,0.16600000000000001,ND,1,2015-03-11T04:00:00Z,KCA,phoenix
SV 922 Myrtle Avenue,SV9,"1,2-Dichloroethane",ND,0.247,ND,1,2015-03-11T04:00:00Z,KCA,phoenix
SV 922 Myrtle Avenue,SV9,"1,2-dichloropropane",ND,0.217,ND,1,2015-03-11T04:00:00Z,KCA,phoenix
SV 922 Myrtle Avenue,SV9,"1,2-Dichlorotetrafluoroethane",ND,0.14299999999999999,ND,1,2015-03-11T04:00:00Z,KCA,phoenix
SV 922 Myrtle Avenue,SV9,"1,3,5-Trimethylbenzene",0.221,0.20399999999999999,1.0900000000000001,1,2015-03-11T04:00:00Z,KCA,phoenix
SV 922 Myrtle Avenue,SV9,"1,3-Butadiene",ND,0.45200000000000001,ND,1,2015-03-11T04:00:00Z,KCA,phoenix
SV 922 Myrtle Avenue,SV9,"1,3-Dichlorobenzene",4.3099999999999996,0.16600000000000001,25.9,1,2015-03-11T04:00:00Z,KCA,phoenix
SV 922 Myrtle Avenue,SV9,"1,4-Dichlorobenzene",ND,0.16600000000000001,ND,1,2015-03-11T04:00:00Z,KCA,phoenix
SV 922 Myrtle Avenue,SV9,"1,4-Dioxane",ND,0.27800000000000002,ND,1,2015-03-11T04:00:00Z,KCA,phoenix
SV 922 Myrtle Avenue,SV9,2-Hexanone(MBK),ND,0.24399999999999999,ND,1,2015-03-11T04:00:00Z,KCA,phoenix
SV 922 Myrtle Avenue,SV9,4-Ethyltoluene,0.224,0.20399999999999999,1.1000000000000001,1,2015-03-11T04:00:00Z,KCA,phoenix
SV 922 Myrtle Avenue,SV9,4-Isopropyltoluene,ND,0.182,ND,1,2015-03-11T04:00:00Z,KCA,phoenix
SV 922 Myrtle Avenue,SV9,4-Methyl-2-pentanone(MIBK),ND,0.24399999999999999,ND,1,2015-03-11T04:00:00Z,KCA,phoenix
SV 922 Myrtle Avenue,SV9,Acetone,194,4.21,461,10,2015-03-11T04:00:00Z,KCA,phoenix
SV 922 Myrtle Avenue,SV9,Acrylonitrile,ND,0.46100000000000002,ND,1,2015-03-11T04:00:00Z,KCA,phoenix
SV 922 Myrtle Avenue,SV9,Benzene,0.47499999999999998,0.313,1.52,1,2015-03-11T04:00:00Z,KCA,phoenix
SV 922 Myrtle Avenue,SV9,Benzyl chloride,ND,0.193,ND,1,2015-03-11T04:00:00Z,KCA,phoenix
SV 922 Myrtle Avenue,SV9,NA,ppbv,ppbv,ug/m3,ug/m3,NA,NA,phoenix
SV 922 Myrtle Avenue,SV9,Parameter,Result,RL,Result,RL,NA,By,phoenix
SV 922 Myrtle Avenue,SV9,Bromodichloromethane,ND,0.14899999999999999,ND,1,2015-03-11T04:00:00Z,KCA,phoenix
SV 922 Myrtle Avenue,SV9,Bromoform,ND,9.7000000000000003E-2,ND,1,2015-03-11T04:00:00Z,KCA,phoenix
SV 922 Myrtle Avenue,SV9,Bromomethane,ND,0.25800000000000001,ND,1,2015-03-11T04:00:00Z,KCA,phoenix
SV 922 Myrtle Avenue,SV9,Carbon Disulfide,ND,0.32100000000000001,ND,1,2015-03-11T04:00:00Z,KCA,phoenix
SV 922 Myrtle Avenue,SV9,Carbon Tetrachloride,5.6000000000000001E-2,0.04,0.35,0.25,2015-03-11T04:00:00Z,KCA,phoenix
SV 922 Myrtle Avenue,SV9,Chlorobenzene,ND,0.217,ND,1,2015-03-11T04:00:00Z,KCA,phoenix
SV 922 Myrtle Avenue,SV9,Chloroethane,ND,0.379,ND,1,2015-03-11T04:00:00Z,KCA,phoenix
SV 922 Myrtle Avenue,SV9,Chloroform,ND,0.20499999999999999,ND,1,2015-03-11T04:00:00Z,KCA,phoenix
SV 922 Myrtle Avenue,SV9,Chloromethane,ND,0.48499999999999999,ND,1,2015-03-11T04:00:00Z,KCA,phoenix
SV 922 Myrtle Avenue,SV9,"Cis-1,2-Dichloroethene",ND,0.252,ND,1,2015-03-11T04:00:00Z,KCA,phoenix
SV 922 Myrtle Avenue,SV9,"cis-1,3-Dichloropropene",ND,0.221,ND,1,2015-03-11T04:00:00Z,KCA,phoenix
SV 922 Myrtle Avenue,SV9,Cyclohexane,ND,0.29099999999999998,ND,1,2015-03-11T04:00:00Z,KCA,phoenix
SV 922 Myrtle Avenue,SV9,Dibromochloromethane,ND,0.11799999999999999,ND,1,2015-03-11T04:00:00Z,KCA,phoenix
SV 922 Myrtle Avenue,SV9,Dichlorodifluoromethane,0.316,0.20200000000000001,1.56,1,2015-03-11T04:00:00Z,KCA,phoenix
SV 922 Myrtle Avenue,SV9,Ethanol,66.8,5.31,126,10,2015-03-11T04:00:00Z,KCA,phoenix
SV 922 Myrtle Avenue,SV9,Ethyl acetate,3.68,0.27800000000000002,13.3,1,2015-03-11T04:00:00Z,KCA,phoenix
SV 922 Myrtle Avenue,SV9,Ethylbenzene,1.24,0.23,5.38,1,2015-03-11T04:00:00Z,KCA,phoenix
SV 922 Myrtle Avenue,SV9,Heptane,0.93300000000000005,0.24399999999999999,3.82,1,2015-03-11T04:00:00Z,KCA,phoenix
SV 922 Myrtle Avenue,SV9,Hexachlorobutadiene,ND,9.4E-2,ND,1,2015-03-11T04:00:00Z,KCA,phoenix
SV 922 Myrtle Avenue,SV9,Hexane,ND,0.28399999999999997,ND,1,2015-03-11T04:00:00Z,KCA,phoenix
SV 922 Myrtle Avenue,SV9,Isopropylalcohol,22.3,0.40699999999999997,54.8,1,2015-03-11T04:00:00Z,KCA,phoenix
SV 922 Myrtle Avenue,SV9,Isopropylbenzene,ND,0.20399999999999999,ND,1,2015-03-11T04:00:00Z,KCA,phoenix
SV 922 Myrtle Avenue,SV9,"m,p-Xylene",5.1100000000000003,0.23,22.2,1,2015-03-11T04:00:00Z,KCA,phoenix
SV 922 Myrtle Avenue,SV9,Methyl Ethyl Ketone,4.32,0.33900000000000002,12.7,1,2015-03-11T04:00:00Z,KCA,phoenix
SV 922 Myrtle Avenue,SV9,Methyl tert-butyl ether(MTBE),ND,0.27800000000000002,ND,1,2015-03-11T04:00:00Z,KCA,phoenix
SV 922 Myrtle Avenue,SV9,Methylene Chloride,ND,0.28799999999999998,ND,1,2015-03-11T04:00:00Z,KCA,phoenix
SV 922 Myrtle Avenue,SV9,n-Butylbenzene,ND,0.182,ND,1,2015-03-11T04:00:00Z,KCA,phoenix
SV 922 Myrtle Avenue,SV9,o-Xylene,1.92,0.23,8.33,1,2015-03-11T04:00:00Z,KCA,phoenix
SV 922 Myrtle Avenue,SV9,Propylene,6.97,0.58099999999999996,12,1,2015-03-11T04:00:00Z,KCA,phoenix
SV 922 Myrtle Avenue,SV9,sec-Butylbenzene,ND,0.182,ND,1,2015-03-11T04:00:00Z,KCA,phoenix
SV 922 Myrtle Avenue,SV9,Styrene,ND,0.23499999999999999,ND,1,2015-03-11T04:00:00Z,KCA,phoenix
SV 922 Myrtle Avenue,SV9,Tetrachloroethene,88.7,0.36899999999999999,601,2.5,2015-03-11T04:00:00Z,KCA,phoenix
SV 922 Myrtle Avenue,SV9,Tetrahydrofuran,ND,0.33900000000000002,ND,1,2015-03-11T04:00:00Z,KCA,phoenix
SV 922 Myrtle Avenue,SV9,Toluene,1.94,0.26600000000000001,7.31,1,2015-03-11T04:00:00Z,KCA,phoenix
SV 922 Myrtle Avenue,SV9,"Trans-1,2-Dichloroethene",ND,0.252,ND,1,2015-03-11T04:00:00Z,KCA,phoenix
SV 922 Myrtle Avenue,SV9,"trans-1,3-Dichloropropene",ND,0.221,ND,1,2015-03-11T04:00:00Z,KCA,phoenix
SV 922 Myrtle Avenue,SV9,Trichloroethene,0.16800000000000001,4.7E-2,0.9,0.25,2015-03-11T04:00:00Z,KCA,phoenix
SV 922 Myrtle Avenue,SV9,Trichlorofluoromethane,0.214,0.17799999999999999,1.2,1,2015-03-11T04:00:00Z,KCA,phoenix
SV 922 Myrtle Avenue,SV9,Trichlorotrifluoroethane,ND,0.13100000000000001,ND,1,2015-03-11T04:00:00Z,KCA,phoenix
SV 922 Myrtle Avenue,SV9,Vinyl Chloride,ND,9.8000000000000004E-2,ND,0.25,2015-03-11T04:00:00Z,KCA,phoenix
SV 922 Myrtle Avenue,SV9,% Bromofluorobenzene,105,%,105,%,2015-03-11T04:00:00Z,KCA,phoenix
SV 922 Myrtle Avenue,SV9,NA,"Environmental Laboratories, Inc.
587 East Middle Turnpike, P.O.Box 370, Manchester, CT 06045
Tel. (860) 645-1102            Fax (860) 645-0823
FOR:       Attn: Mr. Charles B. Sosik, P.G. Environmental Business Consultants 1808 Middle Country Rd
Ridge NY 11961-2406",NA,NA,NA,NA,NA,phoenix
SV 922 Myrtle Avenue,SV3,"1,1,1,2-Tetrachloroethane",ND,0.14599999999999999,ND,1,2015-03-11T04:00:00Z,KCA,phoenix
SV 922 Myrtle Avenue,SV3,"1,1,1-Trichloroethane",ND,0.183,ND,1,2015-03-11T04:00:00Z,KCA,phoenix
SV 922 Myrtle Avenue,SV3,"1,1,2,2-Tetrachloroethane",ND,0.14599999999999999,ND,1,2015-03-11T04:00:00Z,KCA,phoenix
SV 922 Myrtle Avenue,SV3,"1,1,2-Trichloroethane",ND,0.183,ND,1,2015-03-11T04:00:00Z,KCA,phoenix
SV 922 Myrtle Avenue,SV3,"1,1-Dichloroethane",ND,0.247,ND,1,2015-03-11T04:00:00Z,KCA,phoenix
SV 922 Myrtle Avenue,SV3,"1,1-Dichloroethene",ND,0.252,ND,1,2015-03-11T04:00:00Z,KCA,phoenix
SV 922 Myrtle Avenue,SV3,"1,2,4-Trichlorobenzene",ND,0.13500000000000001,ND,1,2015-03-11T04:00:00Z,KCA,phoenix
SV 922 Myrtle Avenue,SV3,"1,2,4-Trimethylbenzene",0.90900000000000003,0.20399999999999999,4.47,1,2015-03-11T04:00:00Z,KCA,phoenix
SV 922 Myrtle Avenue,SV3,"1,2-Dibromoethane(EDB)",ND,0.13,ND,1,2015-03-11T04:00:00Z,KCA,phoenix
SV 922 Myrtle Avenue,SV3,"1,2-Dichlorobenzene",ND,0.16600000000000001,ND,1,2015-03-11T04:00:00Z,KCA,phoenix
SV 922 Myrtle Avenue,SV3,"1,2-Dichloroethane",ND,0.247,ND,1,2015-03-11T04:00:00Z,KCA,phoenix
SV 922 Myrtle Avenue,SV3,"1,2-dichloropropane",ND,0.217,ND,1,2015-03-11T04:00:00Z,KCA,phoenix
SV 922 Myrtle Avenue,SV3,"1,2-Dichlorotetrafluoroethane",ND,0.14299999999999999,ND,1,2015-03-11T04:00:00Z,KCA,phoenix
SV 922 Myrtle Avenue,SV3,"1,3,5-Trimethylbenzene",0.20699999999999999,0.20399999999999999,1.02,1,2015-03-11T04:00:00Z,KCA,phoenix
SV 922 Myrtle Avenue,SV3,"1,3-Butadiene",ND,0.45200000000000001,ND,1,2015-03-11T04:00:00Z,KCA,phoenix
SV 922 Myrtle Avenue,SV3,"1,3-Dichlorobenzene",0.26400000000000001,0.16600000000000001,1.59,1,2015-03-11T04:00:00Z,KCA,phoenix
SV 922 Myrtle Avenue,SV3,"1,4-Dichlorobenzene",ND,0.16600000000000001,ND,1,2015-03-11T04:00:00Z,KCA,phoenix
SV 922 Myrtle Avenue,SV3,"1,4-Dioxane",ND,0.27800000000000002,ND,1,2015-03-11T04:00:00Z,KCA,phoenix
SV 922 Myrtle Avenue,SV3,2-Hexanone(MBK),ND,0.24399999999999999,ND,1,2015-03-11T04:00:00Z,KCA,phoenix
SV 922 Myrtle Avenue,SV3,4-Ethyltoluene,ND,0.20399999999999999,ND,1,2015-03-11T04:00:00Z,KCA,phoenix
SV 922 Myrtle Avenue,SV3,4-Isopropyltoluene,ND,0.182,ND,1,2015-03-11T04:00:00Z,KCA,phoenix
SV 922 Myrtle Avenue,SV3,4-Methyl-2-pentanone(MIBK),ND,0.24399999999999999,ND,1,2015-03-11T04:00:00Z,KCA,phoenix
SV 922 Myrtle Avenue,SV3,Acetone,23.1,0.42099999999999999,54.8,1,2015-03-11T04:00:00Z,KCA,phoenix
SV 922 Myrtle Avenue,SV3,Acrylonitrile,ND,0.46100000000000002,ND,1,2015-03-11T04:00:00Z,KCA,phoenix
SV 922 Myrtle Avenue,SV3,Benzene,0.67600000000000005,0.313,2.16,1,2015-03-11T04:00:00Z,KCA,phoenix
SV 922 Myrtle Avenue,SV3,Benzyl chloride,ND,0.193,ND,1,2015-03-11T04:00:00Z,KCA,phoenix
SV 922 Myrtle Avenue,SV3,NA,ppbv,ppbv,ug/m3,ug/m3,NA,NA,phoenix
SV 922 Myrtle Avenue,SV3,Parameter,Result,RL,Result,RL,NA,By,phoenix
SV 922 Myrtle Avenue,SV3,Bromodichloromethane,ND,0.14899999999999999,ND,1,2015-03-11T04:00:00Z,KCA,phoenix
SV 922 Myrtle Avenue,SV3,Bromoform,ND,9.7000000000000003E-2,ND,1,2015-03-11T04:00:00Z,KCA,phoenix
SV 922 Myrtle Avenue,SV3,Bromomethane,ND,0.25800000000000001,ND,1,2015-03-11T04:00:00Z,KCA,phoenix
SV 922 Myrtle Avenue,SV3,Carbon Disulfide,0.497,0.32100000000000001,1.55,1,2015-03-11T04:00:00Z,KCA,phoenix
SV 922 Myrtle Avenue,SV3,Carbon Tetrachloride,7.0999999999999994E-2,0.04,0.45,0.25,2015-03-11T04:00:00Z,KCA,phoenix
SV 922 Myrtle Avenue,SV3,Chlorobenzene,ND,0.217,ND,1,2015-03-11T04:00:00Z,KCA,phoenix
SV 922 Myrtle Avenue,SV3,Chloroethane,ND,0.379,ND,1,2015-03-11T04:00:00Z,KCA,phoenix
SV 922 Myrtle Avenue,SV3,Chloroform,ND,0.20499999999999999,ND,1,2015-03-11T04:00:00Z,KCA,phoenix
SV 922 Myrtle Avenue,SV3,Chloromethane,ND,0.48499999999999999,ND,1,2015-03-11T04:00:00Z,KCA,phoenix
SV 922 Myrtle Avenue,SV3,"Cis-1,2-Dichloroethene",ND,0.252,ND,1,2015-03-11T04:00:00Z,KCA,phoenix
SV 922 Myrtle Avenue,SV3,"cis-1,3-Dichloropropene",ND,0.221,ND,1,2015-03-11T04:00:00Z,KCA,phoenix
SV 922 Myrtle Avenue,SV3,Cyclohexane,0.501,0.29099999999999998,1.72,1,2015-03-11T04:00:00Z,KCA,phoenix
SV 922 Myrtle Avenue,SV3,Dibromochloromethane,ND,0.11799999999999999,ND,1,2015-03-11T04:00:00Z,KCA,phoenix
SV 922 Myrtle Avenue,SV3,Dichlorodifluoromethane,0.98199999999999998,0.20200000000000001,4.8499999999999996,1,2015-03-11T04:00:00Z,KCA,phoenix
SV 922 Myrtle Avenue,SV3,Ethanol,44.3,E  0.531,83.4,1,2015-03-11T04:00:00Z,KCA,phoenix
SV 922 Myrtle Avenue,SV3,Ethyl acetate,0.97099999999999997,0.27800000000000002,3.5,1,2015-03-11T04:00:00Z,KCA,phoenix
SV 922 Myrtle Avenue,SV3,Ethylbenzene,0.433,0.23,1.88,1,2015-03-11T04:00:00Z,KCA,phoenix
SV 922 Myrtle Avenue,SV3,Heptane,0.57099999999999995,0.24399999999999999,2.34,1,2015-03-11T04:00:00Z,KCA,phoenix
SV 922 Myrtle Avenue,SV3,Hexachlorobutadiene,ND,9.4E-2,ND,1,2015-03-11T04:00:00Z,KCA,phoenix
SV 922 Myrtle Avenue,SV3,Hexane,1.24,0.28399999999999997,4.37,1,2015-03-11T04:00:00Z,KCA,phoenix
SV 922 Myrtle Avenue,SV3,Isopropylalcohol,8.69,0.40699999999999997,21.3,1,2015-03-11T04:00:00Z,KCA,phoenix
SV 922 Myrtle Avenue,SV3,Isopropylbenzene,ND,0.20399999999999999,ND,1,2015-03-11T04:00:00Z,KCA,phoenix
SV 922 Myrtle Avenue,SV3,"m,p-Xylene",1.64,0.23,7.12,1,2015-03-11T04:00:00Z,KCA,phoenix
SV 922 Myrtle Avenue,SV3,Methyl Ethyl Ketone,0.90800000000000003,0.33900000000000002,2.68,1,2015-03-11T04:00:00Z,KCA,phoenix
SV 922 Myrtle Avenue,SV3,Methyl tert-butyl ether(MTBE),ND,0.27800000000000002,ND,1,2015-03-11T04:00:00Z,KCA,phoenix
SV 922 Myrtle Avenue,SV3,Methylene Chloride,ND,0.28799999999999998,ND,1,2015-03-11T04:00:00Z,KCA,phoenix
SV 922 Myrtle Avenue,SV3,n-Butylbenzene,ND,0.182,ND,1,2015-03-11T04:00:00Z,KCA,phoenix
SV 922 Myrtle Avenue,SV3,o-Xylene,0.63100000000000001,0.23,2.74,1,2015-03-11T04:00:00Z,KCA,phoenix
SV 922 Myrtle Avenue,SV3,Propylene,9.14,0.58099999999999996,15.7,1,2015-03-11T04:00:00Z,KCA,phoenix
SV 922 Myrtle Avenue,SV3,sec-Butylbenzene,ND,0.182,ND,1,2015-03-11T04:00:00Z,KCA,phoenix
SV 922 Myrtle Avenue,SV3,Styrene,ND,0.23499999999999999,ND,1,2015-03-11T04:00:00Z,KCA,phoenix
SV 922 Myrtle Avenue,SV3,Tetrachloroethene,0.151,3.6999999999999998E-2,1.02,0.25,2015-03-11T04:00:00Z,KCA,phoenix
SV 922 Myrtle Avenue,SV3,Tetrahydrofuran,0.77100000000000002,0.33900000000000002,2.27,1,2015-03-11T04:00:00Z,KCA,phoenix
SV 922 Myrtle Avenue,SV3,Toluene,1.67,0.26600000000000001,6.29,1,2015-03-11T04:00:00Z,KCA,phoenix
SV 922 Myrtle Avenue,SV3,"Trans-1,2-Dichloroethene",ND,0.252,ND,1,2015-03-11T04:00:00Z,KCA,phoenix
SV 922 Myrtle Avenue,SV3,"trans-1,3-Dichloropropene",ND,0.221,ND,1,2015-03-11T04:00:00Z,KCA,phoenix
SV 922 Myrtle Avenue,SV3,Trichloroethene,4.7E-2,4.7E-2,0.25,0.25,2015-03-11T04:00:00Z,KCA,phoenix
SV 922 Myrtle Avenue,SV3,Trichlorofluoromethane,0.999,0.17799999999999999,5.61,1,2015-03-11T04:00:00Z,KCA,phoenix
SV 922 Myrtle Avenue,SV3,Trichlorotrifluoroethane,ND,0.13100000000000001,ND,1,2015-03-11T04:00:00Z,KCA,phoenix
SV 922 Myrtle Avenue,SV3,Vinyl Chloride,ND,9.8000000000000004E-2,ND,0.25,2015-03-11T04:00:00Z,KCA,phoenix
SV 922 Myrtle Avenue,SV3,% Bromofluorobenzene,96,%,96,%,2015-03-11T04:00:00Z,KCA,phoenix
SV 922 Myrtle Avenue,SV3,NA,"Environmental Laboratories, Inc.
587 East Middle Turnpike, P.O.Box 370, Manchester, CT 06045
Tel. (860) 645-1102            Fax (860) 645-0823
FOR:       Attn: Mr. Charles B. Sosik, P.G. Environmental Business Consultants 1808 Middle Country Rd
Ridge NY 11961-2406",NA,NA,NA,NA,NA,phoenix
SV 922 Myrtle Avenue,SV4,"1,1,1,2-Tetrachloroethane",ND,0.14599999999999999,ND,1,2015-03-11T04:00:00Z,KCA,phoenix
SV 922 Myrtle Avenue,SV4,"1,1,1-Trichloroethane",ND,0.183,ND,1,2015-03-11T04:00:00Z,KCA,phoenix
SV 922 Myrtle Avenue,SV4,"1,1,2,2-Tetrachloroethane",ND,0.14599999999999999,ND,1,2015-03-11T04:00:00Z,KCA,phoenix
SV 922 Myrtle Avenue,SV4,"1,1,2-Trichloroethane",ND,0.183,ND,1,2015-03-11T04:00:00Z,KCA,phoenix
SV 922 Myrtle Avenue,SV4,"1,1-Dichloroethane",ND,0.247,ND,1,2015-03-11T04:00:00Z,KCA,phoenix
SV 922 Myrtle Avenue,SV4,"1,1-Dichloroethene",ND,0.252,ND,1,2015-03-11T04:00:00Z,KCA,phoenix
SV 922 Myrtle Avenue,SV4,"1,2,4-Trichlorobenzene",ND,0.13500000000000001,ND,1,2015-03-11T04:00:00Z,KCA,phoenix
SV 922 Myrtle Avenue,SV4,"1,2,4-Trimethylbenzene",0.43,0.20399999999999999,2.11,1,2015-03-11T04:00:00Z,KCA,phoenix
SV 922 Myrtle Avenue,SV4,"1,2-Dibromoethane(EDB)",ND,0.13,ND,1,2015-03-11T04:00:00Z,KCA,phoenix
SV 922 Myrtle Avenue,SV4,"1,2-Dichlorobenzene",ND,0.16600000000000001,ND,1,2015-03-11T04:00:00Z,KCA,phoenix
SV 922 Myrtle Avenue,SV4,"1,2-Dichloroethane",ND,0.247,ND,1,2015-03-11T04:00:00Z,KCA,phoenix
SV 922 Myrtle Avenue,SV4,"1,2-dichloropropane",ND,0.217,ND,1,2015-03-11T04:00:00Z,KCA,phoenix
SV 922 Myrtle Avenue,SV4,"1,2-Dichlorotetrafluoroethane",ND,0.14299999999999999,ND,1,2015-03-11T04:00:00Z,KCA,phoenix
SV 922 Myrtle Avenue,SV4,"1,3,5-Trimethylbenzene",ND,0.20399999999999999,ND,1,2015-03-11T04:00:00Z,KCA,phoenix
SV 922 Myrtle Avenue,SV4,"1,3-Butadiene",ND,0.45200000000000001,ND,1,2015-03-11T04:00:00Z,KCA,phoenix
SV 922 Myrtle Avenue,SV4,"1,3-Dichlorobenzene",0.39500000000000002,0.16600000000000001,2.37,1,2015-03-11T04:00:00Z,KCA,phoenix
SV 922 Myrtle Avenue,SV4,"1,4-Dichlorobenzene",ND,0.16600000000000001,ND,1,2015-03-11T04:00:00Z,KCA,phoenix
SV 922 Myrtle Avenue,SV4,"1,4-Dioxane",ND,0.27800000000000002,ND,1,2015-03-11T04:00:00Z,KCA,phoenix
SV 922 Myrtle Avenue,SV4,2-Hexanone(MBK),ND,0.24399999999999999,ND,1,2015-03-11T04:00:00Z,KCA,phoenix
SV 922 Myrtle Avenue,SV4,4-Ethyltoluene,ND,0.20399999999999999,ND,1,2015-03-11T04:00:00Z,KCA,phoenix
SV 922 Myrtle Avenue,SV4,4-Isopropyltoluene,ND,0.182,ND,1,2015-03-11T04:00:00Z,KCA,phoenix
SV 922 Myrtle Avenue,SV4,4-Methyl-2-pentanone(MIBK),ND,0.24399999999999999,ND,1,2015-03-11T04:00:00Z,KCA,phoenix
SV 922 Myrtle Avenue,SV4,Acetone,24.5,0.42099999999999999,58.2,1,2015-03-11T04:00:00Z,KCA,phoenix
SV 922 Myrtle Avenue,SV4,Acrylonitrile,ND,0.46100000000000002,ND,1,2015-03-11T04:00:00Z,KCA,phoenix
SV 922 Myrtle Avenue,SV4,Benzene,0.84199999999999997,0.313,2.69,1,2015-03-11T04:00:00Z,KCA,phoenix
SV 922 Myrtle Avenue,SV4,Benzyl chloride,ND,0.193,ND,1,2015-03-11T04:00:00Z,KCA,phoenix
SV 922 Myrtle Avenue,SV4,NA,ppbv,ppbv,ug/m3,ug/m3,NA,NA,phoenix
SV 922 Myrtle Avenue,SV4,Parameter,Result,RL,Result,RL,NA,By,phoenix
SV 922 Myrtle Avenue,SV4,Bromodichloromethane,ND,0.14899999999999999,ND,1,2015-03-11T04:00:00Z,KCA,phoenix
SV 922 Myrtle Avenue,SV4,Bromoform,ND,9.7000000000000003E-2,ND,1,2015-03-11T04:00:00Z,KCA,phoenix
SV 922 Myrtle Avenue,SV4,Bromomethane,ND,0.25800000000000001,ND,1,2015-03-11T04:00:00Z,KCA,phoenix
SV 922 Myrtle Avenue,SV4,Carbon Disulfide,ND,0.32100000000000001,ND,1,2015-03-11T04:00:00Z,KCA,phoenix
SV 922 Myrtle Avenue,SV4,Carbon Tetrachloride,ND,0.04,ND,0.25,2015-03-11T04:00:00Z,KCA,phoenix
SV 922 Myrtle Avenue,SV4,Chlorobenzene,ND,0.217,ND,1,2015-03-11T04:00:00Z,KCA,phoenix
SV 922 Myrtle Avenue,SV4,Chloroethane,ND,0.379,ND,1,2015-03-11T04:00:00Z,KCA,phoenix
SV 922 Myrtle Avenue,SV4,Chloroform,ND,0.20499999999999999,ND,1,2015-03-11T04:00:00Z,KCA,phoenix
SV 922 Myrtle Avenue,SV4,Chloromethane,ND,0.48499999999999999,ND,1,2015-03-11T04:00:00Z,KCA,phoenix
SV 922 Myrtle Avenue,SV4,"Cis-1,2-Dichloroethene",ND,0.252,ND,1,2015-03-11T04:00:00Z,KCA,phoenix
SV 922 Myrtle Avenue,SV4,"cis-1,3-Dichloropropene",ND,0.221,ND,1,2015-03-11T04:00:00Z,KCA,phoenix
SV 922 Myrtle Avenue,SV4,Cyclohexane,0.55000000000000004,0.29099999999999998,1.89,1,2015-03-11T04:00:00Z,KCA,phoenix
SV 922 Myrtle Avenue,SV4,Dibromochloromethane,ND,0.11799999999999999,ND,1,2015-03-11T04:00:00Z,KCA,phoenix
SV 922 Myrtle Avenue,SV4,Dichlorodifluoromethane,0.58199999999999996,0.20200000000000001,2.88,1,2015-03-11T04:00:00Z,KCA,phoenix
SV 922 Myrtle Avenue,SV4,Ethanol,30.1,0.53100000000000003,56.7,1,2015-03-11T04:00:00Z,KCA,phoenix
SV 922 Myrtle Avenue,SV4,Ethyl acetate,1.42,0.27800000000000002,5.1100000000000003,1,2015-03-11T04:00:00Z,KCA,phoenix
SV 922 Myrtle Avenue,SV4,Ethylbenzene,0.39500000000000002,0.23,1.71,1,2015-03-11T04:00:00Z,KCA,phoenix
SV 922 Myrtle Avenue,SV4,Heptane,1.34,0.24399999999999999,5.49,1,2015-03-11T04:00:00Z,KCA,phoenix
SV 922 Myrtle Avenue,SV4,Hexachlorobutadiene,ND,9.4E-2,ND,1,2015-03-11T04:00:00Z,KCA,phoenix
SV 922 Myrtle Avenue,SV4,Hexane,1.47,0.28399999999999997,5.18,1,2015-03-11T04:00:00Z,KCA,phoenix
SV 922 Myrtle Avenue,SV4,Isopropylalcohol,7.51,0.40699999999999997,18.399999999999999,1,2015-03-11T04:00:00Z,KCA,phoenix
SV 922 Myrtle Avenue,SV4,Isopropylbenzene,ND,0.20399999999999999,ND,1,2015-03-11T04:00:00Z,KCA,phoenix
SV 922 Myrtle Avenue,SV4,"m,p-Xylene",1.46,0.23,6.34,1,2015-03-11T04:00:00Z,KCA,phoenix
SV 922 Myrtle Avenue,SV4,Methyl Ethyl Ketone,1.26,0.33900000000000002,3.71,1,2015-03-11T04:00:00Z,KCA,phoenix
SV 922 Myrtle Avenue,SV4,Methyl tert-butyl ether(MTBE),ND,0.27800000000000002,ND,1,2015-03-11T04:00:00Z,KCA,phoenix
SV 922 Myrtle Avenue,SV4,Methylene Chloride,ND,0.28799999999999998,ND,1,2015-03-11T04:00:00Z,KCA,phoenix
SV 922 Myrtle Avenue,SV4,n-Butylbenzene,ND,0.182,ND,1,2015-03-11T04:00:00Z,KCA,phoenix
SV 922 Myrtle Avenue,SV4,o-Xylene,0.53200000000000003,0.23,2.31,1,2015-03-11T04:00:00Z,KCA,phoenix
SV 922 Myrtle Avenue,SV4,Propylene,1.33,0.58099999999999996,2.29,1,2015-03-11T04:00:00Z,KCA,phoenix
SV 922 Myrtle Avenue,SV4,sec-Butylbenzene,ND,0.182,ND,1,2015-03-11T04:00:00Z,KCA,phoenix
SV 922 Myrtle Avenue,SV4,Styrene,ND,0.23499999999999999,ND,1,2015-03-11T04:00:00Z,KCA,phoenix
SV 922 Myrtle Avenue,SV4,Tetrachloroethene,0.105,3.6999999999999998E-2,0.71,0.25,2015-03-11T04:00:00Z,KCA,phoenix
SV 922 Myrtle Avenue,SV4,Tetrahydrofuran,2.0699999999999998,0.33900000000000002,6.1,1,2015-03-11T04:00:00Z,KCA,phoenix
SV 922 Myrtle Avenue,SV4,Toluene,1.81,0.26600000000000001,6.82,1,2015-03-11T04:00:00Z,KCA,phoenix
SV 922 Myrtle Avenue,SV4,"Trans-1,2-Dichloroethene",ND,0.252,ND,1,2015-03-11T04:00:00Z,KCA,phoenix
SV 922 Myrtle Avenue,SV4,"trans-1,3-Dichloropropene",ND,0.221,ND,1,2015-03-11T04:00:00Z,KCA,phoenix
SV 922 Myrtle Avenue,SV4,Trichloroethene,ND,4.7E-2,ND,0.25,2015-03-11T04:00:00Z,KCA,phoenix
SV 922 Myrtle Avenue,SV4,Trichlorofluoromethane,0.755,0.17799999999999999,4.24,1,2015-03-11T04:00:00Z,KCA,phoenix
SV 922 Myrtle Avenue,SV4,Trichlorotrifluoroethane,ND,0.13100000000000001,ND,1,2015-03-11T04:00:00Z,KCA,phoenix
SV 922 Myrtle Avenue,SV4,Vinyl Chloride,ND,9.8000000000000004E-2,ND,0.25,2015-03-11T04:00:00Z,KCA,phoenix
SV 922 Myrtle Avenue,SV4,% Bromofluorobenzene,103,%,103,%,2015-03-11T04:00:00Z,KCA,phoenix
SV 922 Myrtle Avenue,SV4,NA,"Environmental Laboratories, Inc.
587 East Middle Turnpike, P.O.Box 370, Manchester, CT 06045
Tel. (860) 645-1102            Fax (860) 645-0823
FOR:       Attn: Mr. Charles B. Sosik, P.G. Environmental Business Consultants 1808 Middle Country Rd
Ridge NY 11961-2406",NA,NA,NA,NA,NA,phoenix
SV 922 Myrtle Avenue,SV5,"1,1,1,2-Tetrachloroethane",ND,0.14599999999999999,ND,1,2015-03-11T04:00:00Z,KCA,phoenix
SV 922 Myrtle Avenue,SV5,"1,1,1-Trichloroethane",ND,0.183,ND,1,2015-03-11T04:00:00Z,KCA,phoenix
SV 922 Myrtle Avenue,SV5,"1,1,2,2-Tetrachloroethane",ND,0.14599999999999999,ND,1,2015-03-11T04:00:00Z,KCA,phoenix
SV 922 Myrtle Avenue,SV5,"1,1,2-Trichloroethane",ND,0.183,ND,1,2015-03-11T04:00:00Z,KCA,phoenix
SV 922 Myrtle Avenue,SV5,"1,1-Dichloroethane",ND,0.247,ND,1,2015-03-11T04:00:00Z,KCA,phoenix
SV 922 Myrtle Avenue,SV5,"1,1-Dichloroethene",ND,0.252,ND,1,2015-03-11T04:00:00Z,KCA,phoenix
SV 922 Myrtle Avenue,SV5,"1,2,4-Trichlorobenzene",ND,0.13500000000000001,ND,1,2015-03-11T04:00:00Z,KCA,phoenix
SV 922 Myrtle Avenue,SV5,"1,2,4-Trimethylbenzene",0.45700000000000002,0.20399999999999999,2.25,1,2015-03-11T04:00:00Z,KCA,phoenix
SV 922 Myrtle Avenue,SV5,"1,2-Dibromoethane(EDB)",ND,0.13,ND,1,2015-03-11T04:00:00Z,KCA,phoenix
SV 922 Myrtle Avenue,SV5,"1,2-Dichlorobenzene",ND,0.16600000000000001,ND,1,2015-03-11T04:00:00Z,KCA,phoenix
SV 922 Myrtle Avenue,SV5,"1,2-Dichloroethane",ND,0.247,ND,1,2015-03-11T04:00:00Z,KCA,phoenix
SV 922 Myrtle Avenue,SV5,"1,2-dichloropropane",ND,0.217,ND,1,2015-03-11T04:00:00Z,KCA,phoenix
SV 922 Myrtle Avenue,SV5,"1,2-Dichlorotetrafluoroethane",ND,0.14299999999999999,ND,1,2015-03-11T04:00:00Z,KCA,phoenix
SV 922 Myrtle Avenue,SV5,"1,3,5-Trimethylbenzene",ND,0.20399999999999999,ND,1,2015-03-11T04:00:00Z,KCA,phoenix
SV 922 Myrtle Avenue,SV5,"1,3-Butadiene",ND,0.45200000000000001,ND,1,2015-03-11T04:00:00Z,KCA,phoenix
SV 922 Myrtle Avenue,SV5,"1,3-Dichlorobenzene",1.31,0.16600000000000001,7.87,1,2015-03-11T04:00:00Z,KCA,phoenix
SV 922 Myrtle Avenue,SV5,"1,4-Dichlorobenzene",ND,0.16600000000000001,ND,1,2015-03-11T04:00:00Z,KCA,phoenix
SV 922 Myrtle Avenue,SV5,"1,4-Dioxane",ND,0.27800000000000002,ND,1,2015-03-11T04:00:00Z,KCA,phoenix
SV 922 Myrtle Avenue,SV5,2-Hexanone(MBK),ND,0.24399999999999999,ND,1,2015-03-11T04:00:00Z,KCA,phoenix
SV 922 Myrtle Avenue,SV5,4-Ethyltoluene,ND,0.20399999999999999,ND,1,2015-03-11T04:00:00Z,KCA,phoenix
SV 922 Myrtle Avenue,SV5,4-Isopropyltoluene,ND,0.182,ND,1,2015-03-11T04:00:00Z,KCA,phoenix
SV 922 Myrtle Avenue,SV5,4-Methyl-2-pentanone(MIBK),ND,0.24399999999999999,ND,1,2015-03-11T04:00:00Z,KCA,phoenix
SV 922 Myrtle Avenue,SV5,Acetone,9.4499999999999993,0.42099999999999999,22.4,1,2015-03-11T04:00:00Z,KCA,phoenix
SV 922 Myrtle Avenue,SV5,Acrylonitrile,ND,0.46100000000000002,ND,1,2015-03-11T04:00:00Z,KCA,phoenix
SV 922 Myrtle Avenue,SV5,Benzene,0.35599999999999998,0.313,1.1399999999999999,1,2015-03-11T04:00:00Z,KCA,phoenix
SV 922 Myrtle Avenue,SV5,Benzyl chloride,ND,0.193,ND,1,2015-03-11T04:00:00Z,KCA,phoenix
SV 922 Myrtle Avenue,SV5,NA,ppbv,ppbv,ug/m3,ug/m3,NA,NA,phoenix
SV 922 Myrtle Avenue,SV5,Parameter,Result,RL,Result,RL,NA,By,phoenix
SV 922 Myrtle Avenue,SV5,Bromodichloromethane,ND,0.14899999999999999,ND,1,2015-03-11T04:00:00Z,KCA,phoenix
SV 922 Myrtle Avenue,SV5,Bromoform,ND,9.7000000000000003E-2,ND,1,2015-03-11T04:00:00Z,KCA,phoenix
SV 922 Myrtle Avenue,SV5,Bromomethane,ND,0.25800000000000001,ND,1,2015-03-11T04:00:00Z,KCA,phoenix
SV 922 Myrtle Avenue,SV5,Carbon Disulfide,ND,0.32100000000000001,ND,1,2015-03-11T04:00:00Z,KCA,phoenix
SV 922 Myrtle Avenue,SV5,Carbon Tetrachloride,ND,0.04,ND,0.25,2015-03-11T04:00:00Z,KCA,phoenix
SV 922 Myrtle Avenue,SV5,Chlorobenzene,ND,0.217,ND,1,2015-03-11T04:00:00Z,KCA,phoenix
SV 922 Myrtle Avenue,SV5,Chloroethane,ND,0.379,ND,1,2015-03-11T04:00:00Z,KCA,phoenix
SV 922 Myrtle Avenue,SV5,Chloroform,ND,0.20499999999999999,ND,1,2015-03-11T04:00:00Z,KCA,phoenix
SV 922 Myrtle Avenue,SV5,Chloromethane,ND,0.48499999999999999,ND,1,2015-03-11T04:00:00Z,KCA,phoenix
SV 922 Myrtle Avenue,SV5,"Cis-1,2-Dichloroethene",ND,0.252,ND,1,2015-03-11T04:00:00Z,KCA,phoenix
SV 922 Myrtle Avenue,SV5,"cis-1,3-Dichloropropene",ND,0.221,ND,1,2015-03-11T04:00:00Z,KCA,phoenix
SV 922 Myrtle Avenue,SV5,Cyclohexane,ND,0.29099999999999998,ND,1,2015-03-11T04:00:00Z,KCA,phoenix
SV 922 Myrtle Avenue,SV5,Dibromochloromethane,ND,0.11799999999999999,ND,1,2015-03-11T04:00:00Z,KCA,phoenix
SV 922 Myrtle Avenue,SV5,Dichlorodifluoromethane,5.61,0.20200000000000001,27.7,1,2015-03-11T04:00:00Z,KCA,phoenix
SV 922 Myrtle Avenue,SV5,Ethanol,56.1,E  0.531,106,1,2015-03-11T04:00:00Z,KCA,phoenix
SV 922 Myrtle Avenue,SV5,Ethyl acetate,3.15,0.27800000000000002,11.3,1,2015-03-11T04:00:00Z,KCA,phoenix
SV 922 Myrtle Avenue,SV5,Ethylbenzene,0.67900000000000005,0.23,2.95,1,2015-03-11T04:00:00Z,KCA,phoenix
SV 922 Myrtle Avenue,SV5,Heptane,0.40899999999999997,0.24399999999999999,1.68,1,2015-03-11T04:00:00Z,KCA,phoenix
SV 922 Myrtle Avenue,SV5,Hexachlorobutadiene,ND,9.4E-2,ND,1,2015-03-11T04:00:00Z,KCA,phoenix
SV 922 Myrtle Avenue,SV5,Hexane,1.06,0.28399999999999997,3.73,1,2015-03-11T04:00:00Z,KCA,phoenix
SV 922 Myrtle Avenue,SV5,Isopropylalcohol,22,0.40699999999999997,54,1,2015-03-11T04:00:00Z,KCA,phoenix
SV 922 Myrtle Avenue,SV5,Isopropylbenzene,ND,0.20399999999999999,ND,1,2015-03-11T04:00:00Z,KCA,phoenix
SV 922 Myrtle Avenue,SV5,"m,p-Xylene",2.86,0.23,12.4,1,2015-03-11T04:00:00Z,KCA,phoenix
SV 922 Myrtle Avenue,SV5,Methyl Ethyl Ketone,0.68400000000000005,0.33900000000000002,2.02,1,2015-03-11T04:00:00Z,KCA,phoenix
SV 922 Myrtle Avenue,SV5,Methyl tert-butyl ether(MTBE),ND,0.27800000000000002,ND,1,2015-03-11T04:00:00Z,KCA,phoenix
SV 922 Myrtle Avenue,SV5,Methylene Chloride,ND,0.28799999999999998,ND,1,2015-03-11T04:00:00Z,KCA,phoenix
SV 922 Myrtle Avenue,SV5,n-Butylbenzene,ND,0.182,ND,1,2015-03-11T04:00:00Z,KCA,phoenix
SV 922 Myrtle Avenue,SV5,o-Xylene,0.94899999999999995,0.23,4.12,1,2015-03-11T04:00:00Z,KCA,phoenix
SV 922 Myrtle Avenue,SV5,Propylene,0.96899999999999997,0.58099999999999996,1.67,1,2015-03-11T04:00:00Z,KCA,phoenix
SV 922 Myrtle Avenue,SV5,sec-Butylbenzene,ND,0.182,ND,1,2015-03-11T04:00:00Z,KCA,phoenix
SV 922 Myrtle Avenue,SV5,Styrene,ND,0.23499999999999999,ND,1,2015-03-11T04:00:00Z,KCA,phoenix
SV 922 Myrtle Avenue,SV5,Tetrachloroethene,0.17299999999999999,3.6999999999999998E-2,1.17,0.25,2015-03-11T04:00:00Z,KCA,phoenix
SV 922 Myrtle Avenue,SV5,Tetrahydrofuran,ND,0.33900000000000002,ND,1,2015-03-11T04:00:00Z,KCA,phoenix
SV 922 Myrtle Avenue,SV5,Toluene,1.23,0.26600000000000001,4.63,1,2015-03-11T04:00:00Z,KCA,phoenix
SV 922 Myrtle Avenue,SV5,"Trans-1,2-Dichloroethene",ND,0.252,ND,1,2015-03-11T04:00:00Z,KCA,phoenix
SV 922 Myrtle Avenue,SV5,"trans-1,3-Dichloropropene",ND,0.221,ND,1,2015-03-11T04:00:00Z,KCA,phoenix
SV 922 Myrtle Avenue,SV5,Trichloroethene,ND,4.7E-2,ND,0.25,2015-03-11T04:00:00Z,KCA,phoenix
SV 922 Myrtle Avenue,SV5,Trichlorofluoromethane,13,0.17799999999999999,73,1,2015-03-11T04:00:00Z,KCA,phoenix
SV 922 Myrtle Avenue,SV5,Trichlorotrifluoroethane,ND,0.13100000000000001,ND,1,2015-03-11T04:00:00Z,KCA,phoenix
SV 922 Myrtle Avenue,SV5,Vinyl Chloride,ND,9.8000000000000004E-2,ND,0.25,2015-03-11T04:00:00Z,KCA,phoenix
SV 922 Myrtle Avenue,SV5,% Bromofluorobenzene,103,%,103,%,2015-03-11T04:00:00Z,KCA,phoenix
SV 922 Myrtle Avenue,SV5,NA,"Environmental Laboratories, Inc.
587 East Middle Turnpike, P.O.Box 370, Manchester, CT 06045
Tel. (860) 645-1102            Fax (860) 645-0823
FOR:       Attn: Mr. Charles B. Sosik, P.G. Environmental Business Consultants 1808 Middle Country Rd
Ridge NY 11961-2406",NA,NA,NA,NA,NA,phoenix
SV 922 Myrtle Avenue,SV2,"1,1,1,2-Tetrachloroethane",ND,0.14599999999999999,ND,1,2015-03-11T04:00:00Z,KCA,phoenix
SV 922 Myrtle Avenue,SV2,"1,1,1-Trichloroethane",ND,0.183,ND,1,2015-03-11T04:00:00Z,KCA,phoenix
SV 922 Myrtle Avenue,SV2,"1,1,2,2-Tetrachloroethane",ND,0.14599999999999999,ND,1,2015-03-11T04:00:00Z,KCA,phoenix
SV 922 Myrtle Avenue,SV2,"1,1,2-Trichloroethane",ND,0.183,ND,1,2015-03-11T04:00:00Z,KCA,phoenix
SV 922 Myrtle Avenue,SV2,"1,1-Dichloroethane",ND,0.247,ND,1,2015-03-11T04:00:00Z,KCA,phoenix
SV 922 Myrtle Avenue,SV2,"1,1-Dichloroethene",ND,0.252,ND,1,2015-03-11T04:00:00Z,KCA,phoenix
SV 922 Myrtle Avenue,SV2,"1,2,4-Trichlorobenzene",ND,0.13500000000000001,ND,1,2015-03-11T04:00:00Z,KCA,phoenix
SV 922 Myrtle Avenue,SV2,"1,2,4-Trimethylbenzene",0.79200000000000004,0.20399999999999999,3.89,1,2015-03-11T04:00:00Z,KCA,phoenix
SV 922 Myrtle Avenue,SV2,"1,2-Dibromoethane(EDB)",ND,0.13,ND,1,2015-03-11T04:00:00Z,KCA,phoenix
SV 922 Myrtle Avenue,SV2,"1,2-Dichlorobenzene",ND,0.16600000000000001,ND,1,2015-03-11T04:00:00Z,KCA,phoenix
SV 922 Myrtle Avenue,SV2,"1,2-Dichloroethane",ND,0.247,ND,1,2015-03-11T04:00:00Z,KCA,phoenix
SV 922 Myrtle Avenue,SV2,"1,2-dichloropropane",ND,0.217,ND,1,2015-03-11T04:00:00Z,KCA,phoenix
SV 922 Myrtle Avenue,SV2,"1,2-Dichlorotetrafluoroethane",0.247,0.14299999999999999,1.73,1,2015-03-11T04:00:00Z,KCA,phoenix
SV 922 Myrtle Avenue,SV2,"1,3,5-Trimethylbenzene",ND,0.20399999999999999,ND,1,2015-03-11T04:00:00Z,KCA,phoenix
SV 922 Myrtle Avenue,SV2,"1,3-Butadiene",ND,0.45200000000000001,ND,1,2015-03-11T04:00:00Z,KCA,phoenix
SV 922 Myrtle Avenue,SV2,"1,3-Dichlorobenzene",0.91300000000000003,0.16600000000000001,5.49,1,2015-03-11T04:00:00Z,KCA,phoenix
SV 922 Myrtle Avenue,SV2,"1,4-Dichlorobenzene",ND,0.16600000000000001,ND,1,2015-03-11T04:00:00Z,KCA,phoenix
SV 922 Myrtle Avenue,SV2,"1,4-Dioxane",ND,0.27800000000000002,ND,1,2015-03-11T04:00:00Z,KCA,phoenix
SV 922 Myrtle Avenue,SV2,2-Hexanone(MBK),ND,0.24399999999999999,ND,1,2015-03-11T04:00:00Z,KCA,phoenix
SV 922 Myrtle Avenue,SV2,4-Ethyltoluene,ND,0.20399999999999999,ND,1,2015-03-11T04:00:00Z,KCA,phoenix
SV 922 Myrtle Avenue,SV2,4-Isopropyltoluene,ND,0.182,ND,1,2015-03-11T04:00:00Z,KCA,phoenix
SV 922 Myrtle Avenue,SV2,4-Methyl-2-pentanone(MIBK),0.31900000000000001,0.24399999999999999,1.31,1,2015-03-11T04:00:00Z,KCA,phoenix
SV 922 Myrtle Avenue,SV2,Acetone,141,4.21,335,10,2015-03-11T04:00:00Z,KCA,phoenix
SV 922 Myrtle Avenue,SV2,Acrylonitrile,ND,0.46100000000000002,ND,1,2015-03-11T04:00:00Z,KCA,phoenix
SV 922 Myrtle Avenue,SV2,Benzene,0.71799999999999997,0.313,2.29,1,2015-03-11T04:00:00Z,KCA,phoenix
SV 922 Myrtle Avenue,SV2,Benzyl chloride,ND,0.193,ND,1,2015-03-11T04:00:00Z,KCA,phoenix
SV 922 Myrtle Avenue,SV2,NA,ppbv,ppbv,ug/m3,ug/m3,NA,NA,phoenix
SV 922 Myrtle Avenue,SV2,Parameter,Result,RL,Result,RL,NA,By,phoenix
SV 922 Myrtle Avenue,SV2,Bromodichloromethane,ND,0.14899999999999999,ND,1,2015-03-11T04:00:00Z,KCA,phoenix
SV 922 Myrtle Avenue,SV2,Bromoform,ND,9.7000000000000003E-2,ND,1,2015-03-11T04:00:00Z,KCA,phoenix
SV 922 Myrtle Avenue,SV2,Bromomethane,ND,0.25800000000000001,ND,1,2015-03-11T04:00:00Z,KCA,phoenix
SV 922 Myrtle Avenue,SV2,Carbon Disulfide,5.49,0.32100000000000001,17.100000000000001,1,2015-03-11T04:00:00Z,KCA,phoenix
SV 922 Myrtle Avenue,SV2,Carbon Tetrachloride,5.1999999999999998E-2,0.04,0.33,0.25,2015-03-11T04:00:00Z,KCA,phoenix
SV 922 Myrtle Avenue,SV2,Chlorobenzene,ND,0.217,ND,1,2015-03-11T04:00:00Z,KCA,phoenix
SV 922 Myrtle Avenue,SV2,Chloroethane,ND,0.379,ND,1,2015-03-11T04:00:00Z,KCA,phoenix
SV 922 Myrtle Avenue,SV2,Chloroform,ND,0.20499999999999999,ND,1,2015-03-11T04:00:00Z,KCA,phoenix
SV 922 Myrtle Avenue,SV2,Chloromethane,ND,0.48499999999999999,ND,1,2015-03-11T04:00:00Z,KCA,phoenix
SV 922 Myrtle Avenue,SV2,"Cis-1,2-Dichloroethene",ND,0.252,ND,1,2015-03-11T04:00:00Z,KCA,phoenix
SV 922 Myrtle Avenue,SV2,"cis-1,3-Dichloropropene",ND,0.221,ND,1,2015-03-11T04:00:00Z,KCA,phoenix
SV 922 Myrtle Avenue,SV2,Cyclohexane,ND,0.29099999999999998,ND,1,2015-03-11T04:00:00Z,KCA,phoenix
SV 922 Myrtle Avenue,SV2,Dibromochloromethane,ND,0.11799999999999999,ND,1,2015-03-11T04:00:00Z,KCA,phoenix
SV 922 Myrtle Avenue,SV2,Dichlorodifluoromethane,0.224,0.20200000000000001,1.1100000000000001,1,2015-03-11T04:00:00Z,KCA,phoenix
SV 922 Myrtle Avenue,SV2,Ethanol,39,5.31,73.400000000000006,10,2015-03-11T04:00:00Z,KCA,phoenix
SV 922 Myrtle Avenue,SV2,Ethyl acetate,ND,0.27800000000000002,ND,1,2015-03-11T04:00:00Z,KCA,phoenix
SV 922 Myrtle Avenue,SV2,Ethylbenzene,0.61,0.23,2.65,1,2015-03-11T04:00:00Z,KCA,phoenix
SV 922 Myrtle Avenue,SV2,Heptane,4.78,0.24399999999999999,19.600000000000001,1,2015-03-11T04:00:00Z,KCA,phoenix
SV 922 Myrtle Avenue,SV2,Hexachlorobutadiene,ND,9.4E-2,ND,1,2015-03-11T04:00:00Z,KCA,phoenix
SV 922 Myrtle Avenue,SV2,Hexane,22.9,0.28399999999999997,80.7,1,2015-03-11T04:00:00Z,KCA,phoenix
SV 922 Myrtle Avenue,SV2,Isopropylalcohol,9.66,0.40699999999999997,23.7,1,2015-03-11T04:00:00Z,KCA,phoenix
SV 922 Myrtle Avenue,SV2,Isopropylbenzene,ND,0.20399999999999999,ND,1,2015-03-11T04:00:00Z,KCA,phoenix
SV 922 Myrtle Avenue,SV2,"m,p-Xylene",2.2400000000000002,0.23,9.6999999999999993,1,2015-03-11T04:00:00Z,KCA,phoenix
SV 922 Myrtle Avenue,SV2,Methyl Ethyl Ketone,2.35,0.33900000000000002,6.93,1,2015-03-11T04:00:00Z,KCA,phoenix
SV 922 Myrtle Avenue,SV2,Methyl tert-butyl ether(MTBE),ND,0.27800000000000002,ND,1,2015-03-11T04:00:00Z,KCA,phoenix
SV 922 Myrtle Avenue,SV2,Methylene Chloride,ND,0.28799999999999998,ND,1,2015-03-11T04:00:00Z,KCA,phoenix
SV 922 Myrtle Avenue,SV2,n-Butylbenzene,ND,0.182,ND,1,2015-03-11T04:00:00Z,KCA,phoenix
SV 922 Myrtle Avenue,SV2,o-Xylene,0.84299999999999997,0.23,3.66,1,2015-03-11T04:00:00Z,KCA,phoenix
SV 922 Myrtle Avenue,SV2,Propylene,216,5.81,372,10,2015-03-11T04:00:00Z,KCA,phoenix
SV 922 Myrtle Avenue,SV2,sec-Butylbenzene,ND,0.182,ND,1,2015-03-11T04:00:00Z,KCA,phoenix
SV 922 Myrtle Avenue,SV2,Styrene,ND,0.23499999999999999,ND,1,2015-03-11T04:00:00Z,KCA,phoenix
SV 922 Myrtle Avenue,SV2,Tetrachloroethene,0.29899999999999999,3.6999999999999998E-2,2.0299999999999998,0.25,2015-03-11T04:00:00Z,KCA,phoenix
SV 922 Myrtle Avenue,SV2,Tetrahydrofuran,ND,0.33900000000000002,ND,1,2015-03-11T04:00:00Z,KCA,phoenix
SV 922 Myrtle Avenue,SV2,Toluene,1.59,0.26600000000000001,5.99,1,2015-03-11T04:00:00Z,KCA,phoenix
SV 922 Myrtle Avenue,SV2,"Trans-1,2-Dichloroethene",ND,0.252,ND,1,2015-03-11T04:00:00Z,KCA,phoenix
SV 922 Myrtle Avenue,SV2,"trans-1,3-Dichloropropene",ND,0.221,ND,1,2015-03-11T04:00:00Z,KCA,phoenix
SV 922 Myrtle Avenue,SV2,Trichloroethene,0.128,4.7E-2,0.69,0.25,2015-03-11T04:00:00Z,KCA,phoenix
SV 922 Myrtle Avenue,SV2,Trichlorofluoromethane,0.27600000000000002,0.17799999999999999,1.55,1,2015-03-11T04:00:00Z,KCA,phoenix
SV 922 Myrtle Avenue,SV2,Trichlorotrifluoroethane,ND,0.13100000000000001,ND,1,2015-03-11T04:00:00Z,KCA,phoenix
SV 922 Myrtle Avenue,SV2,Vinyl Chloride,ND,9.8000000000000004E-2,ND,0.25,2015-03-11T04:00:00Z,KCA,phoenix
SV 922 Myrtle Avenue,SV2,% Bromofluorobenzene,106,%,106,%,2015-03-11T04:00:00Z,KCA,phoenix
SV 922 Myrtle Avenue,SV2,"1,1,1,2-Tetrachloroethane",0.161,0.14599999999999999,1.1000000000000001,1,2016-12-02T05:00:00Z,KCA,phoenix
SV 922 Myrtle Avenue,SV10,"1,1,1-Trichloroethane",ND,0.183,ND,1,2016-12-02T05:00:00Z,KCA,phoenix
SV 922 Myrtle Avenue,SV10,"1,1,2,2-Tetrachloroethane",ND,0.14599999999999999,ND,1,2016-12-02T05:00:00Z,KCA,phoenix
SV 922 Myrtle Avenue,SV10,"1,1,2-Trichloroethane",ND,0.183,ND,1,2016-12-02T05:00:00Z,KCA,phoenix
SV 922 Myrtle Avenue,SV10,"1,1-Dichloroethane",ND,0.247,ND,1,2016-12-02T05:00:00Z,KCA,phoenix
SV 922 Myrtle Avenue,SV10,"1,1-Dichloroethene",ND,0.252,ND,1,2016-12-02T05:00:00Z,KCA,phoenix
SV 922 Myrtle Avenue,SV10,"1,2,4-Trichlorobenzene",ND,0.13500000000000001,ND,1,2016-12-02T05:00:00Z,KCA,phoenix
SV 922 Myrtle Avenue,SV10,"1,2,4-Trimethylbenzene",ND,0.20399999999999999,ND,1,2016-12-02T05:00:00Z,KCA,phoenix
SV 922 Myrtle Avenue,SV10,"1,2-Dibromoethane(EDB)",ND,0.13,ND,1,2016-12-02T05:00:00Z,KCA,phoenix
SV 922 Myrtle Avenue,SV10,"1,2-Dichlorobenzene",ND,0.16600000000000001,ND,1,2016-12-02T05:00:00Z,KCA,phoenix
SV 922 Myrtle Avenue,SV10,"1,2-Dichloroethane",ND,0.247,ND,1,2016-12-02T05:00:00Z,KCA,phoenix
SV 922 Myrtle Avenue,SV10,"1,2-dichloropropane",ND,0.217,ND,1,2016-12-02T05:00:00Z,KCA,phoenix
SV 922 Myrtle Avenue,SV10,"1,2-Dichlorotetrafluoroethane",ND,0.14299999999999999,ND,1,2016-12-02T05:00:00Z,KCA,phoenix
SV 922 Myrtle Avenue,SV10,"1,3,5-Trimethylbenzene",ND,0.20399999999999999,ND,1,2016-12-02T05:00:00Z,KCA,phoenix
SV 922 Myrtle Avenue,SV10,"1,3-Butadiene",ND,0.45200000000000001,ND,1,2016-12-02T05:00:00Z,KCA,phoenix
SV 922 Myrtle Avenue,SV10,"1,3-Dichlorobenzene",ND,0.16600000000000001,ND,1,2016-12-02T05:00:00Z,KCA,phoenix
SV 922 Myrtle Avenue,SV10,"1,4-Dichlorobenzene",ND,0.16600000000000001,ND,1,2016-12-02T05:00:00Z,KCA,phoenix
SV 922 Myrtle Avenue,SV10,"1,4-Dioxane",ND,0.27800000000000002,ND,1,2016-12-02T05:00:00Z,KCA,phoenix
SV 922 Myrtle Avenue,SV10,2-Hexanone(MBK),4.87,0.24399999999999999,19.899999999999999,1,2016-12-02T05:00:00Z,KCA,phoenix
SV 922 Myrtle Avenue,SV10,4-Ethyltoluene,ND,0.20399999999999999,ND,1,2016-12-02T05:00:00Z,KCA,phoenix
SV 922 Myrtle Avenue,SV10,4-Isopropyltoluene,ND,0.182,ND,1,2016-12-02T05:00:00Z,KCA,phoenix
SV 922 Myrtle Avenue,SV10,4-Methyl-2-pentanone(MIBK),ND,0.24399999999999999,ND,1,2016-12-02T05:00:00Z,KCA,phoenix
SV 922 Myrtle Avenue,SV10,Acetone,7.92,0.42099999999999999,18.8,1,2016-12-02T05:00:00Z,KCA,phoenix
SV 922 Myrtle Avenue,SV10,Acrylonitrile,ND,0.46100000000000002,ND,1,2016-12-02T05:00:00Z,KCA,phoenix
SV 922 Myrtle Avenue,SV10,Benzene,0.66800000000000004,0.313,2.13,1,2016-12-02T05:00:00Z,KCA,phoenix
SV 922 Myrtle Avenue,SV10,Benzyl chloride,ND,0.193,ND,1,2016-12-02T05:00:00Z,KCA,phoenix
SV 922 Myrtle Avenue,SV10,Bromodichloromethane,ND,0.14899999999999999,ND,1,2016-12-02T05:00:00Z,KCA,phoenix
SV 922 Myrtle Avenue,SV10,Bromoform,ND,9.7000000000000003E-2,ND,1,2016-12-02T05:00:00Z,KCA,phoenix
SV 922 Myrtle Avenue,SV10,Bromomethane,ND,0.25800000000000001,ND,1,2016-12-02T05:00:00Z,KCA,phoenix
SV 922 Myrtle Avenue,SV10,Carbon Disulfide,0.48899999999999999,0.32100000000000001,1.52,1,2016-12-02T05:00:00Z,KCA,phoenix
SV 922 Myrtle Avenue,SV10,Carbon Tetrachloride,4.9000000000000002E-2,0.04,0.31,0.25,2016-12-02T05:00:00Z,KCA,phoenix
SV 922 Myrtle Avenue,SV10,Chlorobenzene,ND,0.217,ND,1,2016-12-02T05:00:00Z,KCA,phoenix
SV 922 Myrtle Avenue,SV10,Chloroethane,ND,0.379,ND,1,2016-12-02T05:00:00Z,KCA,phoenix
SV 922 Myrtle Avenue,SV10,Chloroform,ND,0.20499999999999999,ND,1,2016-12-02T05:00:00Z,KCA,phoenix
SV 922 Myrtle Avenue,SV10,Chloromethane,ND,0.48499999999999999,ND,1,2016-12-02T05:00:00Z,KCA,phoenix
SV 922 Myrtle Avenue,SV10,"Cis-1,2-Dichloroethene",ND,0.252,ND,1,2016-12-02T05:00:00Z,KCA,phoenix
SV 922 Myrtle Avenue,SV10,"cis-1,3-Dichloropropene",ND,0.221,ND,1,2016-12-02T05:00:00Z,KCA,phoenix
SV 922 Myrtle Avenue,SV10,Cyclohexane,ND,0.29099999999999998,ND,1,2016-12-02T05:00:00Z,KCA,phoenix
SV 922 Myrtle Avenue,SV10,Dibromochloromethane,ND,0.11799999999999999,ND,1,2016-12-02T05:00:00Z,KCA,phoenix
SV 922 Myrtle Avenue,SV10,Dichlorodifluoromethane,0.53500000000000003,0.20200000000000001,2.64,1,2016-12-02T05:00:00Z,KCA,phoenix
SV 922 Myrtle Avenue,SV10,Ethanol,2.29,0.53100000000000003,4.3099999999999996,1,2016-12-02T05:00:00Z,KCA,phoenix
SV 922 Myrtle Avenue,SV10,Ethyl acetate,ND,0.27800000000000002,ND,1,2016-12-02T05:00:00Z,KCA,phoenix
SV 922 Myrtle Avenue,SV10,Ethylbenzene,0.88700000000000001,0.23,3.85,1,2016-12-02T05:00:00Z,KCA,phoenix
SV 922 Myrtle Avenue,SV10,Heptane,ND,0.24399999999999999,ND,1,2016-12-02T05:00:00Z,KCA,phoenix
SV 922 Myrtle Avenue,SV10,Hexachlorobutadiene,ND,9.4E-2,ND,1,2016-12-02T05:00:00Z,KCA,phoenix
SV 922 Myrtle Avenue,SV10,Hexane,0.36299999999999999,S  0.284,1.28,1,2016-12-02T05:00:00Z,KCA,phoenix
SV 922 Myrtle Avenue,SV10,Isopropylalcohol,ND,0.40699999999999997,ND,1,2016-12-02T05:00:00Z,KCA,phoenix
SV 922 Myrtle Avenue,SV10,Isopropylbenzene,ND,0.20399999999999999,ND,1,2016-12-02T05:00:00Z,KCA,phoenix
SV 922 Myrtle Avenue,SV10,"m,p-Xylene",3.75,0.23,16.3,1,2016-12-02T05:00:00Z,KCA,phoenix
SV 922 Myrtle Avenue,SV10,Methyl Ethyl Ketone,30.2,0.33900000000000002,89,1,2016-12-02T05:00:00Z,KCA,phoenix
SV 922 Myrtle Avenue,SV10,Methyl tert-butyl ether(MTBE),ND,0.27800000000000002,ND,1,2016-12-02T05:00:00Z,KCA,phoenix
SV 922 Myrtle Avenue,SV10,Methylene Chloride,ND,0.28799999999999998,ND,1,2016-12-02T05:00:00Z,KCA,phoenix
SV 922 Myrtle Avenue,SV10,n-Butylbenzene,ND,0.182,ND,1,2016-12-02T05:00:00Z,KCA,phoenix
SV 922 Myrtle Avenue,SV10,o-Xylene,0.70699999999999996,0.23,3.07,1,2016-12-02T05:00:00Z,KCA,phoenix
SV 922 Myrtle Avenue,SV10,Propylene,ND,0.58099999999999996,ND,1,2016-12-02T05:00:00Z,KCA,phoenix
SV 922 Myrtle Avenue,SV10,sec-Butylbenzene,ND,0.182,ND,1,2016-12-02T05:00:00Z,KCA,phoenix
SV 922 Myrtle Avenue,SV10,Styrene,ND,0.23499999999999999,ND,1,2016-12-02T05:00:00Z,KCA,phoenix
SV 922 Myrtle Avenue,SV10,Tetrachloroethene,1240,2.77,8410,18.8,2016-12-05T05:00:00Z,KCA,phoenix
SV 922 Myrtle Avenue,SV10,Tetrahydrofuran,ND,0.33900000000000002,ND,1,2016-12-02T05:00:00Z,KCA,phoenix
SV 922 Myrtle Avenue,SV10,Toluene,2.91,0.26600000000000001,11,1,2016-12-02T05:00:00Z,KCA,phoenix
SV 922 Myrtle Avenue,SV10,"Trans-1,2-Dichloroethene",ND,0.252,ND,1,2016-12-02T05:00:00Z,KCA,phoenix
SV 922 Myrtle Avenue,SV10,"trans-1,3-Dichloropropene",ND,0.221,ND,1,2016-12-02T05:00:00Z,KCA,phoenix
SV 922 Myrtle Avenue,SV10,Trichloroethene,0.51800000000000002,4.7E-2,2.78,0.25,2016-12-02T05:00:00Z,KCA,phoenix
SV 922 Myrtle Avenue,SV10,Trichlorofluoromethane,0.27700000000000002,0.17799999999999999,1.56,1,2016-12-02T05:00:00Z,KCA,phoenix
SV 922 Myrtle Avenue,SV10,Trichlorotrifluoroethane,ND,0.13100000000000001,ND,1,2016-12-02T05:00:00Z,KCA,phoenix
SV 922 Myrtle Avenue,SV10,Vinyl Chloride,ND,9.8000000000000004E-2,ND,0.25,2016-12-02T05:00:00Z,KCA,phoenix
SV 922 Myrtle Avenue,SV10,% Bromofluorobenzene,100,%,100,%,2016-12-02T05:00:00Z,KCA,phoenix
